arxiv_id,authors,updated,pdf_link,main_category,categories,title,abstract,published,link
2410.17063v1,"['Rômulo Damasclin Chaves dos Santos', 'Jorge Henrique de Oliveira Sales']",2024-10-22 14:44:41+00:00,https://arxiv.org/pdf/2410.17063v1,Fluid Dynamics,"['Fluid Dynamics', 'Numerical Analysis']",High-Order Dynamic Integration Method (HODIM) for Modeling Turbulent Fluid Dynamics,"This research explores the development and application of the High-Order Dynamic Integration Method for solving integro-differential equations, with a specific focus on turbulent fluid dynamics. Traditional numerical methods, such as the Finite Difference Method and the Finite Volume Method, have been widely employed in fluid dynamics but struggle to accurately capture the complexities of turbulence, particularly in high Reynolds number regimes. These methods often require significant computational resources and are prone to errors in nonlinear dynamic systems. The High-Order Dynamic Integration Method addresses these challenges by integrating higher-order interpolation techniques with dynamic adaptation strategies, significantly enhancing accuracy and computational efficiency. Through rigorous numerical analysis, this method demonstrates superior performance over the Finite Difference Method and the Finite Volume Method in handling the nonlinear behaviors characteristic of turbulent flows. Furthermore, the High-Order Dynamic Integration Method achieves this without a substantial increase in computational cost, making it a highly efficient tool for simulations in computational fluid dynamics. The research validates the capabilities of the High-Order Dynamic Integration Method through a series of benchmark tests and case studies. Results indicate a marked improvement in both accuracy and stability, particularly in simulations of high-Reynolds-number flows, where traditional methods often falter. This innovative approach offers a robust and efficient alternative for solving complex fluid dynamics problems, contributing to advances in the field of numerical methods and computational fluid dynamics.",2024-10-22 14:44:41+00:00,http://arxiv.org/abs/2410.17063v1
2403.05923v1,"['Dan Crisan', 'Oana Lang']",2024-03-09 14:17:30+00:00,https://arxiv.org/pdf/2403.05923v1,Analysis of PDEs,"['Analysis of PDEs', 'Dynamical Systems', 'Functional Analysis', 'Probability']",Global solutions for stochastically controlled fluid dynamics models,"For a class of evolution equations that possibly have only local solutions, we introduce a stochastic component that ensures that the solutions of the corresponding stochastically perturbed equations are global. The class of partial differential equations amenable for this type of treatment includes the 3D Navier-Stokes equation, the rotating shallow water equation (viscous and inviscid), 3D Euler equation (in vorticity form), 2D Burgers' equation and many other fluid dynamics models.",2024-03-09 14:17:30+00:00,http://arxiv.org/abs/2403.05923v1
2408.06101v1,"['Robin Schmöcker', 'Alexander Henkes', 'Julian Roth', 'Thomas Wick']",2024-08-12 12:32:15+00:00,https://arxiv.org/pdf/2408.06101v1,Machine Learning,"['Machine Learning', 'Artificial Intelligence', 'Numerical Analysis', 'Fluid Dynamics']",Generalization capabilities of MeshGraphNets to unseen geometries for fluid dynamics,"This works investigates the generalization capabilities of MeshGraphNets (MGN) [Pfaff et al. Learning Mesh-Based Simulation with Graph Networks. ICML 2021] to unseen geometries for fluid dynamics, e.g. predicting the flow around a new obstacle that was not part of the training data. For this purpose, we create a new benchmark dataset for data-driven computational fluid dynamics (CFD) which extends DeepMind's flow around a cylinder dataset by including different shapes and multiple objects. We then use this new dataset to extend the generalization experiments conducted by DeepMind on MGNs by testing how well an MGN can generalize to different shapes. In our numerical tests, we show that MGNs can sometimes generalize well to various shapes by training on a dataset of one obstacle shape and testing on a dataset of another obstacle shape.",2024-08-12 12:32:15+00:00,http://arxiv.org/abs/2408.06101v1
2501.18972v2,"['Yuxuan Liu', 'Jingmin Sun', 'Hayden Schaeffer']",2025-04-30 03:02:41+00:00,https://arxiv.org/pdf/2501.18972v2,Machine Learning,"['Machine Learning', 'Numerical Analysis']",BCAT: A Block Causal Transformer for PDE Foundation Models for Fluid Dynamics,"We introduce BCAT, a PDE foundation model designed for autoregressive prediction of solutions to two dimensional fluid dynamics problems. Our approach uses a block causal transformer architecture to model next frame predictions, leveraging previous frames as contextual priors rather than relying solely on sub-frames or pixel-based inputs commonly used in image generation methods. This block causal framework more effectively captures the spatial dependencies inherent in nonlinear spatiotemporal dynamics and physical phenomena. In an ablation study, next frame prediction demonstrated a 3.5x accuracy improvement over next token prediction. BCAT is trained on a diverse range of fluid dynamics datasets, including incompressible and compressible Navier-Stokes equations across various geometries and parameter regimes, as well as the shallow-water equations. The model's performance was evaluated on 6 distinct downstream prediction tasks and tested on about 8K trajectories to measure robustness on a variety of fluid dynamics simulations. BCAT achieved an average relative error of 1.18% across all evaluation tasks, outperforming prior approaches on standard benchmarks. With fine-tuning on a turbulence dataset, we show that the method adapts to new settings with more than 40% better accuracy over prior methods.",2025-01-31 09:07:56+00:00,http://arxiv.org/abs/2501.18972v2
2410.13154v1,"['Rômulo Damasclin Chaves dos Santos', 'Jorge Henrique de Oliveira Sales', 'Erickson F. M. S. Silva']",2024-10-17 02:16:34+00:00,https://arxiv.org/pdf/2410.13154v1,Fluid Dynamics,"['Fluid Dynamics', 'Mathematical Physics', 'Analysis of PDEs']",Quantum-Inspired Stochastic Modeling and Regularity in Turbulent Fluid Dynamics,"This paper presents an innovative framework for analyzing the regularity of solutions to the stochastic Navier-Stokes equations by integrating Sobolev-Besov hybrid spaces with fractional operators and quantum-inspired dynamics. We propose new regularity theorems that address the multiscale and chaotic nature of fluid flows, offering novel insights into energy dissipation mechanisms. The introduction of a Schrödinger-like operator into the fluid dynamics model captures quantum-scale turbulence effects, enhancing our understanding of energy redistribution across different scales. The results also include the development of anisotropic stochastic models that account for direction-dependent viscosity, improving the representation of real-world turbulent flows. These advances in stochastic modeling and regularity analysis provide a comprehensive toolset for tackling complex fluid dynamics problems. The findings are applicable to fields such as engineering, quantum turbulence, and environmental sciences. Future directions include the numerical implementation of the proposed models and the use of machine learning techniques to optimize parameters for enhanced simulation accuracy.",2024-10-17 02:16:34+00:00,http://arxiv.org/abs/2410.13154v1
2411.04888v1,['Rômulo Damasclin Chaves dos Santos'],2024-11-07 17:26:50+00:00,https://arxiv.org/pdf/2411.04888v1,Analysis of PDEs,"['Analysis of PDEs', 'Fluid Dynamics']",Energy Dissipation and Regularity in Quaternionic Fluid Dynamics using Sobolev-Besov Spaces,"This study investigates the dynamics of incompressible fluid flows through quaternionic variables integrated within Sobolev-Besov spaces. Traditional mathematical models for fluid dynamics often employ Sobolev spaces to analyze the regularity of the solution to the Navier-Stokes equations. However, with the unique ability of Besov spaces to provide localized frequency analysis and handle high-frequency behaviors, these spaces offer a refined approach to address complex fluid phenomena such as turbulence and bifurcation. Quaternionic analysis further enhances this approach by representing three-dimensional rotations directly within the mathematical framework. The author presents two new theorems to advance the study of regularity and energy dissipation in fluid systems. The first theorem demonstrates that energy dissipation in quaternionic fluid systems is dominated by the higher-frequency component in Besov spaces, with contributions decaying at a rate proportional to the frequency of the quaternionic component. The second theorem provides conditions for regularity and existence of solutions in quaternionic fluid systems with external forces. By integrating these hypercomplex structures with Sobolev-Besov spaces, our work offers a new mathematically rigorous framework capable of addressing frequency-specific dissipation patterns and rotational symmetries in turbulent flows. The findings contribute to fundamental questions in fluid dynamics, particularly by improving our understanding of high Reynolds number flows, energy cascade behaviors, and quaternionic bifurcation. This framework therefore paves the way for future research on regularity in complex fluid dynamics.",2024-11-07 17:26:50+00:00,http://arxiv.org/abs/2411.04888v1
2307.02680v2,"['Marshall Davey', 'Charles Puelz', 'Simone Rossi', 'Margaret Anne Smith', 'David R. Wells', 'Greg Sturgeon', 'W. Paul Segars', 'John P. Vavalle', 'Charles S. Peskin', 'Boyce E. Griffith']",2023-10-24 14:50:13+00:00,https://arxiv.org/pdf/2307.02680v2,Tissues and Organs,"['Tissues and Organs', 'Numerical Analysis', 'Fluid Dynamics']",Simulating Cardiac Fluid Dynamics in the Human Heart,"Cardiac fluid dynamics fundamentally involves interactions between complex blood flows and the structural deformations of the muscular heart walls and the thin, flexible valve leaflets. There has been longstanding scientific, engineering, and medical interest in creating mathematical models of the heart that capture, explain, and predict these fluid-structure interactions. However, existing computational models that account for interactions among the blood, the actively contracting myocardium, and the cardiac valves are limited in their abilities to predict valve performance, resolve fine-scale flow features, or use realistic descriptions of tissue biomechanics. Here we introduce and benchmark a comprehensive mathematical model of cardiac fluid dynamics in the human heart. A unique feature of our model is that it incorporates biomechanically detailed descriptions of all major cardiac structures that are calibrated using tensile tests of human tissue specimens to reflect the heart's microstructure. Further, it is the first fluid-structure interaction model of the heart that provides anatomically and physiologically detailed representations of all four cardiac valves. We demonstrate that this integrative model generates physiologic dynamics, including realistic pressure-volume loops that automatically capture isovolumetric contraction and relaxation, and predicts fine-scale flow features. None of these outputs are prescribed; instead, they emerge from interactions within our comprehensive description of cardiac physiology. Such models can serve as tools for predicting the impacts of medical devices or clinical interventions. They also can serve as platforms for mechanistic studies of cardiac pathophysiology and dysfunction, including congenital defects, cardiomyopathies, and heart failure, that are difficult or impossible to perform in patients.",2023-07-05 22:43:59+00:00,http://arxiv.org/abs/2307.02680v2
2308.01733v2,"['Ivan Prusak', 'Davide Torlo', 'Monica Nonino', 'Gianluigi Rozza']",2024-02-19 22:54:50+00:00,https://arxiv.org/pdf/2308.01733v2,Numerical Analysis,"['Numerical Analysis', 'Analysis of PDEs', 'Optimization and Control']",An optimisation-based domain-decomposition reduced order model for parameter-dependent non-stationary fluid dynamics problems,"In this work, we address parametric non-stationary fluid dynamics problems within a model order reduction setting based on domain decomposition. Starting from the optimisation-based domain decomposition approach, we derive an optimal control problem, for which we present a convergence analysis in the case of non-stationary incompressible Navier-Stokes equations. We discretize the problem with the finite element method and we compare different model order reduction techniques: POD-Galerkin and a non-intrusive neural network procedure. We show that the classical POD-Galerkin is more robust and accurate also in transient areas, while the neural network can obtain simulations very quickly though being less precise in the presence of discontinuities in time or parameter domain. We test the proposed methodologies on two fluid dynamics benchmarks with physical parameters and time dependency: the non-stationary backward-facing step and lid-driven cavity flow.",2023-08-03 12:52:46+00:00,http://arxiv.org/abs/2308.01733v2
2504.05443v2,"['Wuzhe Xu', 'Yulong Lu', 'Lian Shen', 'Anqing Xuan', 'Ali Barzegari']",2025-04-11 17:54:44+00:00,https://arxiv.org/pdf/2504.05443v2,Numerical Analysis,"['Numerical Analysis', 'Fluid Dynamics']",Diffusion-based Models for Unpaired Super-resolution in Fluid Dynamics,"High-fidelity, high-resolution numerical simulations are crucial for studying complex multiscale phenomena in fluid dynamics, such as turbulent flows and ocean waves. However, direct numerical simulations with high-resolution solvers are computationally prohibitive. As an alternative, super-resolution techniques enable the enhancement of low-fidelity, low-resolution simulations. However, traditional super-resolution approaches rely on paired low-fidelity, low-resolution and high-fidelity, high-resolution datasets for training, which are often impossible to acquire in complex flow systems. To address this challenge, we propose a novel two-step approach that eliminates the need for paired datasets. First, we perform unpaired domain translation at the low-resolution level using an Enhanced Denoising Diffusion Implicit Bridge. This process transforms low-fidelity, low-resolution inputs into high-fidelity, low-resolution outputs, and we provide a theoretical analysis to highlight the advantages of this enhanced diffusion-based approach. Second, we employ the cascaded Super-Resolution via Repeated Refinement model to upscale the high-fidelity, low-resolution prediction to the high-resolution result. We demonstrate the effectiveness of our approach across three fluid dynamics problems. Moreover, by incorporating a neural operator to learn system dynamics, our method can be extended to improve evolutionary simulations of low-fidelity, low-resolution data.",2025-04-07 19:08:28+00:00,http://arxiv.org/abs/2504.05443v2
2305.08761v3,"['Lucio Galeati', 'Dejun Luo']",2024-04-15 19:32:09+00:00,https://arxiv.org/pdf/2305.08761v3,Probability,"['Probability', 'Analysis of PDEs']",Weak well-posedness by transport noise for a class of 2D fluid dynamics equations,"A fundamental open problem in fluid dynamics is whether solutions to $2$D Euler equations with $(L^1_x\cap L^p_x)$-valued vorticity are unique, for some $p\in [1,\infty)$. A related question, more probabilistic in flavour, is whether one can find a physically relevant noise regularizing the PDE. We present some substantial advances towards a resolution of the latter, by establishing well-posedness in law for solutions with $(L^1_x\cap L^2_x)$-valued vorticity and finite kinetic energy, for a general class of stochastic 2D fluid dynamical equations; the noise is spatially rough and of Kraichnan type and we allow the presence of a deterministic forcing $f$. This class includes as primary examples logarithmically regularized 2D Euler and hypodissipative 2D Navier-Stokes equations. In the first case, our result solves the open problem posed by Flandoli. In the latter case, for well-chosen forcing $f$, the corresponding deterministic PDE without noise has recently been shown by Albritton and Colombo to be ill-posed; consequently, the addition of noise truly improves the solution theory for such PDE.",2023-05-15 16:20:15+00:00,http://arxiv.org/abs/2305.08761v3
2507.02247v3,"['Jinlu Li', 'Xing Wu', 'Yanghai Yu']",2025-11-13 03:49:45+00:00,https://arxiv.org/pdf/2507.02247v3,Analysis of PDEs,['Analysis of PDEs'],Ill-posedness and inviscid limit of basic equations of fluid dynamics in Besov spaces,"In this paper, we consider the Cauchy problem to the basic equations of fluid dynamics on the torus. Firstly, we construct a new initial data and provide a simple proof on the ill-posedness of $B^s_{p,\infty}$ solution of the Euler equations and the surface quasi-geostrophic equation, which covers the results obtained by Cheskidov-Shvydkoy \cite{CS} and Misiołek-Yoneda \cite{MY}. Secondly, we prove the failure of the $B^s_{p,\infty}$-convergence in the inviscid limit for both the Navier-Stokes equations and the surface quasi-geostrophic equation.",2025-07-03 02:42:42+00:00,http://arxiv.org/abs/2507.02247v3
2502.11194v2,"['Lorenzo Tomada', 'Moaad Khamlich', 'Federico Pichi', 'Gianluigi Rozza']",2025-11-27 08:59:54+00:00,https://arxiv.org/pdf/2502.11194v2,Numerical Analysis,"['Numerical Analysis', 'Fluid Dynamics']",Sparse Identification for bifurcating phenomena in Computational Fluid Dynamics,"This work investigates model reduction techniques for nonlinear parameterized and time-dependent PDEs, specifically focusing on bifurcating phenomena in Computational Fluid Dynamics (CFD). We develop interpretable and non-intrusive Reduced Order Models (ROMs) capable of capturing dynamics associated with bifurcations by identifying a minimal set of coordinates. Our methodology combines the Sparse Identification of Nonlinear Dynamics (SINDy) method with a deep learning framework based on Autoencoder (AE) architectures. To enhance dimensionality reduction, we integrate a nested Proper Orthogonal Decomposition (POD) with the SINDy-AE architecture, enabling a sparse discovery of system dynamics while maintaining efficiency of the reduced model. We demonstrate our approach via two challenging test cases defined on sudden-expansion channel geometries: a symmetry-breaking bifurcation and a Hopf bifurcation. Starting from a comprehensive analysis of their high-fidelity behavior, i.e. symmetry-breaking phenomena and the rise of unsteady periodic solutions, we validate the accuracy and computational efficiency of our ROMs. The results show successful reconstruction of the bifurcations, accurate prediction of system evolution for unseen parameter values, and significant speed-up compared to full-order methods.",2025-02-16 16:39:47+00:00,http://arxiv.org/abs/2502.11194v2
2402.16455v1,"['Jakub Kudela', 'Ladislav Dobrovsky']",2024-02-26 09:58:36+00:00,https://arxiv.org/pdf/2402.16455v1,Neural and Evolutionary Computing,"['Neural and Evolutionary Computing', 'Artificial Intelligence', 'Optimization and Control']",Performance Comparison of Surrogate-Assisted Evolutionary Algorithms on Computational Fluid Dynamics Problems,"Surrogate-assisted evolutionary algorithms (SAEAs) are recently among the most widely studied methods for their capability to solve expensive real-world optimization problems. However, the development of new methods and benchmarking with other techniques still relies almost exclusively on artificially created problems. In this paper, we use two real-world computational fluid dynamics problems to compare the performance of eleven state-of-the-art single-objective SAEAs. We analyze the performance by investigating the quality and robustness of the obtained solutions and the convergence properties of the selected methods. Our findings suggest that the more recently published methods, as well as the techniques that utilize differential evolution as one of their optimization mechanisms, perform significantly better than the other considered methods.",2024-02-26 09:58:36+00:00,http://arxiv.org/abs/2402.16455v1
2404.19353v1,"['Thomas Saigre', ""Christophe Prud'Homme"", 'Marcela Szopos', 'Vincent Chabannes']",2024-04-30 08:32:27+00:00,https://arxiv.org/pdf/2404.19353v1,Analysis of PDEs,['Analysis of PDEs'],A coupled fluid-dynamics-heat transfer model for 3D simulations of the aqueous humor flow in the human eye,"Understanding human eye behavior involves intricate interactions between physical phenomena such as heat transfer and fluid dynamics. Accurate computational models are vital for comprehending ocular diseases and therapeutic interventions.This work focuses on modeling and simulating aqueous humor flow in the anterior and posterior chambers of the eye, coupled with overall heat transfer.Aqueous humor dynamics regulates intraocular pressure, crucial for understanding conditions like glaucoma.Convective effects from temperature disparities also influence this flow.Extending prior research, this work develops a comprehensive three-dimensional computational model to simulate coupled fluid-dynamic-heat transfer model, thus contributing to the understanding of ocular physiology.",2024-04-30 08:32:27+00:00,http://arxiv.org/abs/2404.19353v1
2410.14575v1,"['Giuseppe Maria Coclite', 'Ingenuin Gasser']",2024-10-18 16:22:48+00:00,https://arxiv.org/pdf/2410.14575v1,Analysis of PDEs,['Analysis of PDEs'],Analysis of an asymptotic thermo fluid-dynamic model for parabolic trough power plants,"Parabolic trough power plants transform solar radiative energy into thermal energy which is then typically used to produce electricity.
  We consider a model derived in \cite{BGSP} to describe parabolic trough power plants. In particular, the thermo-fluid dynamics is studied in a single collector pipe where the solar radiation is concentrated. The model is the result of simplifying assumptions and asymptotic processes on the underlying mass, momentum and energy balance equations. { We show existence of solutions for the model. In addition we study the long-time behaviour and the stationary problem.",2024-10-18 16:22:48+00:00,http://arxiv.org/abs/2410.14575v1
2411.13838v1,['Rômulo Damasclin Chaves dos Santos'],2024-11-21 04:55:14+00:00,https://arxiv.org/pdf/2411.13838v1,Analysis of PDEs,"['Analysis of PDEs', 'Fluid Dynamics']","Mathematical Analysis of Regularity, Bifurcations, and Turbulence in Fluid Dynamics via Sobolev, Besov, and Triebel-Lizorkin Spaces","This article presents a comprehensive mathematical framework for the study of regularity, bifurcations, and turbulence in fluid dynamics, leveraging the power of Sobolev and Besov function spaces. We delve into the detailed definitions, properties, and notations of these spaces, illustrating their relevance in the context of partial differential equations governing fluid flow. The work emphasizes the intricate connections between Sobolev, Besov, and Triebel-Lizorkin spaces, highlighting their interplay in the analysis of fluid systems. We propose new regularity criteria for solutions to the Navier-Stokes equations, based on the interaction of low and high-frequency modes in turbulent regimes. These criteria offer a novel perspective on the conditions under which singularities may form, providing critical insights into the structure of turbulent flows. The article further explores the applications of these function spaces to the analysis of bifurcations in fluid systems, offering a deeper understanding of the mechanisms that lead to complex flow phenomena such as turbulence. Through the development of rigorous theorems and proofs, the paper aims to bridge the gap between abstract mathematical theory and practical fluid dynamics. In particular, the results contribute to ongoing efforts in solving the Navier-Stokes existence and smoothness problem, a key challenge in the field, and have potential implications for the Millennium Prize Problem. The conclusion underscores the significance of these findings, offering a pathway for future research in the analysis of fluid behavior at both small and large scales.",2024-11-21 04:55:14+00:00,http://arxiv.org/abs/2411.13838v1
2305.11148v1,"['Federico Butori', 'Eliseo Luongo']",2023-05-18 17:41:34+00:00,https://arxiv.org/pdf/2305.11148v1,Probability,"['Probability', 'Analysis of PDEs']",Large Deviations Principle for the Inviscid Limit of Fluid Dynamic Systems in 2D Bounded Domains,"Using a weak convergence approach, we establish a Large Deviation Principle (LDP) for the solutions of fluid dynamic systems in two-dimensional bounded domains subjected to no-slip boundary conditions and perturbed by additive noise. Our analysis considers the convergence of both viscosity and noise intensity to zero. Specifically, we focus on three important scenarios: Navier-Stokes equations in a Kato-type regime, Navier-Stokes equations for fluids with circularly symmetric flows and Second-Grade Fluid equations. In all three cases, we demonstrate the validity of the LDP, taking into account the critical topology $C([0,T];L^2).$",2023-05-18 17:41:34+00:00,http://arxiv.org/abs/2305.11148v1
2409.09811v1,"['Yuxuan Liu', 'Jingmin Sun', 'Xinjie He', 'Griffin Pinney', 'Zecheng Zhang', 'Hayden Schaeffer']",2024-09-15 18:20:15+00:00,https://arxiv.org/pdf/2409.09811v1,Machine Learning,"['Machine Learning', 'Numerical Analysis', 'Fluid Dynamics']",PROSE-FD: A Multimodal PDE Foundation Model for Learning Multiple Operators for Forecasting Fluid Dynamics,"We propose PROSE-FD, a zero-shot multimodal PDE foundational model for simultaneous prediction of heterogeneous two-dimensional physical systems related to distinct fluid dynamics settings. These systems include shallow water equations and the Navier-Stokes equations with incompressible and compressible flow, regular and complex geometries, and different buoyancy settings. This work presents a new transformer-based multi-operator learning approach that fuses symbolic information to perform operator-based data prediction, i.e. non-autoregressive. By incorporating multiple modalities in the inputs, the PDE foundation model builds in a pathway for including mathematical descriptions of the physical behavior. We pre-train our foundation model on 6 parametric families of equations collected from 13 datasets, including over 60K trajectories. Our model outperforms popular operator learning, computer vision, and multi-physics models, in benchmark forward prediction tasks. We test our architecture choices with ablation studies.",2024-09-15 18:20:15+00:00,http://arxiv.org/abs/2409.09811v1
2411.16063v5,"['Yadi Cao', 'Yuxuan Liu', 'Liu Yang', 'Rose Yu', 'Hayden Schaeffer', 'Stanley Osher']",2026-01-15 09:58:38+00:00,https://arxiv.org/pdf/2411.16063v5,Machine Learning,"['Machine Learning', 'Numerical Analysis', 'Fluid Dynamics']",VICON: Vision In-Context Operator Networks for Multi-Physics Fluid Dynamics Prediction,"In-Context Operator Networks (ICONs) have demonstrated the ability to learn operators across diverse partial differential equations using few-shot, in-context learning. However, existing ICONs process each spatial point as an individual token, severely limiting computational efficiency when handling dense data in higher spatial dimensions. We propose Vision In-Context Operator Networks (VICON), which integrates vision transformer architectures to efficiently process 2D data through patch-wise operations while preserving ICON's adaptability to multiphysics systems and varying timesteps. Evaluated across three fluid dynamics benchmarks, VICON significantly outperforms state-of-the-art baselines: DPOT and MPP, reducing the averaged last-step rollout error by 37.9% compared to DPOT and 44.7% compared to MPP, while requiring only 72.5% and 34.8% of their respective inference times. VICON naturally supports flexible rollout strategies with varying timestep strides, enabling immediate deployment in imperfect measurement systems where sampling frequencies may differ or frames might be dropped - common challenges in real-world settings - without requiring retraining or interpolation. In these realistic scenarios, VICON exhibits remarkable robustness, experiencing only 24.41% relative performance degradation compared to 71.37%-74.49% degradation in baseline methods, demonstrating its versatility for deploying in realistic applications. Our scripts for processing datasets and code are publicly available at https://github.com/Eydcao/VICON.",2024-11-25 03:25:17+00:00,http://arxiv.org/abs/2411.16063v5
2510.07549v1,"['Qifan Chen', 'Zhongshu Xu', 'Jinjin Zhang', 'Dongbin Xiu']",2025-10-08 21:03:38+00:00,https://arxiv.org/pdf/2510.07549v1,Machine Learning,"['Machine Learning', 'Numerical Analysis', 'Fluid Dynamics']",Targeted Digital Twin via Flow Map Learning and Its Application to Fluid Dynamics,"We present a numerical framework for constructing a targeted digital twin (tDT) that directly models the dynamics of quantities of interest (QoIs) in a full digital twin (DT). The proposed approach employs memory-based flow map learning (FML) to develop a data-driven model of the QoIs using short bursts of trajectory data generated through repeated executions of the full DT. This renders the construction of the FML-based tDT an entirely offline computational process. During online simulation, the learned tDT can efficiently predict and analyze the long-term dynamics of the QoIs without requiring simulations of the full DT system, thereby achieving substantial computational savings. After introducing the general numerical procedure, we demonstrate the construction and predictive capability of the tDT in a computational fluid dynamics (CFD) example: two-dimensional incompressible flow past a cylinder. The QoIs in this problem are the hydrodynamic forces exerted on the cylinder. The resulting tDTs are compact dynamical systems that evolve these forces without explicit knowledge of the underlying flow field. Numerical results show that the tDTs yield accurate long-term predictions of the forces while entirely bypassing full flow simulations.",2025-10-08 21:03:38+00:00,http://arxiv.org/abs/2510.07549v1
2304.07727v1,"['Rémi Abgrall', 'Fatemeh Nassajian Mojarrad']",2023-04-16 08:49:45+00:00,https://arxiv.org/pdf/2304.07727v1,Numerical Analysis,['Numerical Analysis'],An arbitrarily high order and asymptotic preserving kinetic scheme in compressible fluid dynamic,"We present a class of arbitrarily high order fully explicit kinetic numerical methods in compressible fluid dynamics, both in time and space, which include the relaxation schemes by S. Jin and Z. Xin. These methods can use CFL number larger or equal to unity on regular Cartesian meshes for multi-dimensional case. These kinetic models depend on a small parameter that can be seen as a ""Knudsen"" number. The method is asymptotic preserving in this Knudsen number. Also, the computational costs of the method are of the same order of a fully explicit scheme. This work is the extension of Abgrall et al. (2022) \cite{Abgrall} to multi-dimensional systems.
  We have assessed our method on several problems for two dimensional scalar problems and Euler equations and the scheme has proven to be robust and to achieve the theoretically predicted high order of accuracy on smooth solutions.",2023-04-16 08:49:45+00:00,http://arxiv.org/abs/2304.07727v1
2304.12032v5,"['Pasquale Claudio Africa', 'Ivan Fumagalli', 'Michele Bucelli', 'Alberto Zingaro', 'Marco Fedele', ""Luca Dede'"", 'Alfio Quarteroni']",2023-11-20 09:27:28+00:00,https://arxiv.org/pdf/2304.12032v5,Fluid Dynamics,"['Fluid Dynamics', 'Mathematical Software', 'Numerical Analysis']",lifex-cfd: an open-source computational fluid dynamics solver for cardiovascular applications,"Computational fluid dynamics (CFD) is an important tool for the simulation of the cardiovascular function and dysfunction. Due to the complexity of the anatomy, the transitional regime of blood flow in the heart, and the strong mutual influence between the flow and the physical processes involved in the heart function, the development of accurate and efficient CFD solvers for cardiovascular flows is still a challenging task. In this paper we present lifex-cfd, an open-source CFD solver for cardiovascular simulations based on the lifex finite element library, written in modern C++ and exploiting distributed memory parallelism. We model blood flow in both physiological and pathological conditions via the incompressible Navier-Stokes equations, accounting for moving cardiac valves, moving domains, and transition-to-turbulence regimes. In this paper, we provide an overview of the underlying mathematical formulation, numerical discretization, implementation details and examples on how to use lifex-cfd. We verify the code through rigorous convergence analyses, and we show its almost ideal parallel speedup. We demonstrate the accuracy and reliability of the numerical methods implemented through a series of idealized and patient-specific vascular and cardiac simulations, in different physiological flow regimes. The lifex-cfd source code is available under the LGPLv3 license, to ensure its accessibility and transparency to the scientific community, and to facilitate collaboration and further developments.",2023-04-24 12:11:20+00:00,http://arxiv.org/abs/2304.12032v5
2406.00844v1,['Felipe Angeles'],2024-06-02 19:43:34+00:00,https://arxiv.org/pdf/2406.00844v1,Analysis of PDEs,['Analysis of PDEs'],On the equations of compressible fluid dynamics with Cattaneo-type extensions for the heat flux: Symmetrizability and relaxation structure,"The aim of this work is twofold. From a mathematical point of view, we show the existence of a hyperbolic system of equations that is not symmetrizable in the sense of Friedrichs. Such system appears in the theory of compressible fluid dynamics with Cattaneo-type extensions for the heat flux. In contrast, the linearizations of such system around constant equilibrium solutions have Friedrichs symmetrizers. Then, from a physical perspective, we aim to understand the relaxation term appearing in this system. By noticing the violation of the Kawashima-Shizuta condition, locally and smoothly, with respect to the Fourier frequencies, we construct persistent waves, i.e., solutions preserving the $L^{2}$ norm for all times that are not dissipated by the relaxation terms.",2024-06-02 19:43:34+00:00,http://arxiv.org/abs/2406.00844v1
2306.01297v2,['Jan Nordström'],2023-10-05 05:19:31+00:00,https://arxiv.org/pdf/2306.01297v2,Numerical Analysis,['Numerical Analysis'],Nonlinear Boundary Conditions for Initial Boundary Value Problems with Applications in Computational Fluid Dynamics,"We derive new boundary conditions and implementation procedures for nonlinear initial boundary value problems (IBVPs) with non-zero boundary data that lead to bounded solutions. The new boundary procedure is applied to nonlinear IBVPs in skew-symmetric form, including dissipative terms. The complete procedure has two main ingredients. In the first part (published in [1, 2]), the energy and entropy rate in terms of a surface integral with boundary terms was produced for problems with first derivatives. In this second part we complement it by adding second derivative terms and new nonlinear boundary procedures leading for boundary conditions with non-zero data. The new nonlinear boundary procedure generalise the well known characteristic boundary procedure for linear problems to the nonlinear setting. To introduce the procedure, a skew-symmetric scalar IBVP encompassing the linear advection equation and Burgers equation is analysed. Once the continuous analysis is done, we show that energy stable nonlinear discrete approximations follow by using summation-by-parts operators combined with weak boundary conditions. The scalar analysis is subsequently repeated for general nonlinear systems of equations. Finally, the new boundary procedure is applied to four important IBVPs in computational fluid dynamics: the incompressible Euler and Navier-Stokes, the shallow water and the compressible Euler equations.",2023-06-02 06:49:21+00:00,http://arxiv.org/abs/2306.01297v2
2408.06529v1,['Koji Ohkitani'],2024-08-12 23:21:16+00:00,https://arxiv.org/pdf/2408.06529v1,Fluid Dynamics,"['Fluid Dynamics', 'Analysis of PDEs']",Generalized incompressible fluid dynamical system interpolating between the Navier-Stokes and Burgers equations in two dimensions,"We propose a set of generalized incompressible fluid dynamical equations, which interpolates between the Burgers and Navier-Stokes equations in two dimensions and study their properties theoretically and numerically. It is well-known that under the assumption of potential flows the multi-dimensional Burgers equations are integrable in the sense they can be reduced to the heat equation, via the so-called Cole-Hopf linearization. On the other hand, it is believed that the Navier-Stokes equations do not possess such a nice property. Take, for example, the 2D Navier-Stokes equations and rotate the velocity gradient by 90 degrees, we then obtain a system which is equivalent to the Burgers equations. Based on this observation, we introduce a system of generalized incompressible fluid dynamical equations by rotating velocity gradient through a continuous angle parameter. That way we can compare properties of an integrable system with those of non-integrable ones by relating them through a continuous parameter. Using direct numerical experiments we show how the flow properties change (actually, deteriorate) when we increase the angle parameter $α$ from 0 to $π/2$. It should be noted that the case associated with least regularity, namely the Burgers equations ($α=π/2$), is integrable via the heat kernel. We also formalize a perturbative treatment of the problem, which in principle yields the solution of the Navier-Stokes equations on the basis of that of the Burgers equations. The principal variations around the Burgers equations are computed numerically and are shown to agree well with the results of direct numerical simulations for some time.",2024-08-12 23:21:16+00:00,http://arxiv.org/abs/2408.06529v1
2506.16763v1,"['Farzana Akter Tina', 'Hashnayne Ahmed', 'Hena Rani Biswas']",2025-06-20 05:47:35+00:00,https://arxiv.org/pdf/2506.16763v1,Fluid Dynamics,"['Fluid Dynamics', 'Mathematical Physics', 'Numerical Analysis']",Hemodynamic Simulation in the Aortic Arch Under Anemic Diabetic and Healthy Blood Flow Conditions Using Computational Fluid Dynamics,"This study investigates the hemodynamic behavior of blood flow in the aortic arch across anemic, diabetic, and healthy conditions using computational fluid dynamics (CFD) simulations with a non-Newtonian Carreau viscosity model. Velocity fields, pressure distributions, and wall shear stress (WSS) patterns were analyzed to assess the impact of blood rheology and vessel geometry. Anemic blood, with low viscosity and hematocrit, produced smooth, low-resistance flow with reduced WSS and pressure gradients, potentially impairing perfusion. Diabetic blood exhibited elevated viscosity, leading to increased flow resistance, higher WSS, and localized separation at arterial branches -- conditions associated with vascular stress and remodeling. Healthy cases showed balanced hemodynamic behavior with localized flow acceleration but maintained physiological ranges. These findings highlight the mechanistic links between rheological properties and cardiovascular stress, supporting the role of CFD in non-invasive vascular risk assessment and motivating future integration of patient-specific data and structural modeling for enhanced clinical relevance.",2025-06-20 05:47:35+00:00,http://arxiv.org/abs/2506.16763v1
2404.02482v1,"['Zachary Cooper-Baldock', 'Brenda Vara Almirall', 'Kiao Inthavong']",2024-04-03 05:42:27+00:00,https://arxiv.org/pdf/2404.02482v1,"Distributed, Parallel, and Cluster Computing","['Distributed, Parallel, and Cluster Computing', 'Performance', 'Numerical Analysis']","Speed, power and cost implications for GPU acceleration of Computational Fluid Dynamics on HPC systems","Computational Fluid Dynamics (CFD) is the simulation of fluid flow undertaken with the use of computational hardware. The underlying equations are computationally challenging to solve and necessitate high performance computing (HPC) to resolve in a practical timeframe when a reasonable level of fidelity is required. The simulations are memory intensive, having previously been limited to central processing unit (CPU) solvers, as graphics processing unit (GPU) video random access memory (VRAM) was insufficient. However, with recent developments in GPU design and increases to VRAM, GPU acceleration of CPU solved workflows is now possible. At HPC scale however, many operational details are still unknown. This paper utilizes ANSYS Fluent, a leading commercial code in CFD, to investigate the compute speed, power consumption and service unit (SU) cost considerations for the GPU acceleration of CFD workflows on HPC architectures. To provide a comprehensive analysis, different CPU architectures, and GPUs have been assessed. It is seen that GPU compute speed is faster, however, the initialisation speed, power and cost performance is less clear cut. Whilst the larger A100 cards perform well with respect to power consumption, this is not observed for the V100 cards. In situations where more than one GPU is required, their adoption may not be beneficial from a power or cost perspective.",2024-04-03 05:42:27+00:00,http://arxiv.org/abs/2404.02482v1
2402.17688v2,"['Sai Swetha Venkata Kolluru', 'Nicolas Besse', 'Rahul Pandit']",2024-02-28 21:54:25+00:00,https://arxiv.org/pdf/2402.17688v2,Numerical Analysis,"['Numerical Analysis', 'Computational Physics']",Novel spectral methods for shock capturing and the removal of tygers in computational fluid dynamics,"Spectral methods yield numerical solutions of the Galerkin-truncated versions of nonlinear partial differential equations involved especially in fluid dynamics. In the presence of discontinuities, such as shocks, spectral approximations develop Gibbs oscillations near the discontinuity. This causes the numerical solution to deviate quickly from the true solution. For spectral approximations of the 1D inviscid Burgers equation, nonlinear wave resonances lead to the formation of tygers in well-resolved areas of the flow, far from the shock. Recently, Besse(to be published) has proposed novel spectral relaxation (SR) and spectral purging (SP) schemes for the removal of tygers and Gibbs oscillations in spectral approximations of nonlinear conservation laws. For the 1D inviscid Burgers equation, it is shown that the novel SR and SP approximations of the solution converge strongly in L2 norm to the entropic weak solution, under an appropriate choice of kernels and related parameters. In this work, we carry out a detailed numerical investigation of SR and SP schemes when applied to the 1D inviscid Burgers equation and report the efficiency of shock capture and the removal of tygers. We then extend our study to systems of nonlinear hyperbolic conservation laws - such as the 2x2 system of the shallow water equations and the standard 3x3 system of 1D compressible Euler equations. For the latter, we generalise the implementation of SR methods to non-periodic problems using Chebyshev polynomials. We then turn to singular flow in the 1D wall approximation of the 3D-axisymmetric wall-bounded incompressible Euler equation. Here, in order to determine the blowup time of the solution, we compare the decay of the width of the analyticity strip, obtained from the pure pseudospectral method, with the improved estimate obtained using the novel spectral relaxation scheme.",2024-02-27 17:05:06+00:00,http://arxiv.org/abs/2402.17688v2
2408.00896v1,"['Ruohan Li', 'Hualan Wang', 'Qiyang Zhang', 'Ting Nie']",2024-08-01 20:29:58+00:00,https://arxiv.org/pdf/2408.00896v1,Numerical Analysis,['Numerical Analysis'],A Novel Highway Traffic Capacity Analyzing Method under Road Region Atmospheric Environment Constrains Based on Computational Fluid Dynamics Model,"Highways always have a huge impact on the environment, quantifying the level of pollution and calculating the traffic capacity under environmental constraints is an important part of practicing environmental protection. Available traffic capacity methods do not focus on the traffic emissions impact on road region environment. To fill this research gap, this paper proposes a method consisting of Computational Fluid Dynamics (CFD) model and Traffic Flow Field and the Gas Flow Field coupled model for the traffic capacity model. The COPERT 5 model is adopted to simulate the traffic emissions on highways with field measurement data and traffic conditions as initial conditions. Then, these are served as the inputs, set and further calculated using coupled model in the CFD numerical simulation phase. Finally, modeling the Traffic Capacity model and calculating the traffic capacity. The experiment results in G30 Yongshan highway section demonstrate that, with the proposed method, the CFD simulation model for traffic emissions in highway region can reflect the practical conditions (the overall error is within 10%), while the traffic capacity can be well performance with the traffic capacity model under the atmospheric pollution constraints. The annual average traffic capacity of G30 Yongshan is 739,800 vehicles, and SO2 under different constraints has the greatest limitation on traffic capacity (90,9662 vehicles), which is the most dominant impact in the environmental constraints of the road region, rest are ranked in: NO2 (246,5373), PM2.5 (323,6022), CO (771,8717), CO2 (803,7217), and PM10 (2202,0013).",2024-08-01 20:29:58+00:00,http://arxiv.org/abs/2408.00896v1
2411.04140v1,"['Alexander Lobbe', 'Dan Crisan', 'Oana Lang']",2024-11-01 15:57:30+00:00,https://arxiv.org/pdf/2411.04140v1,Numerical Analysis,"['Numerical Analysis', 'Dynamical Systems']",Bayesian inference for geophysical fluid dynamics using generative models,"Data assimilation plays a crucial role in numerical modeling, enabling the integration of real-world observations into mathematical models to enhance the accuracy and predictive capabilities of simulations. This approach is widely applied in fields such as meteorology, oceanography, and environmental science, where the dynamic nature of systems demands continuous updates to model states. However, the calibration of models in these high-dimensional, nonlinear systems poses significant challenges. In this paper, we explore a novel calibration methodology using diffusion generative models. We generate synthetic data that statistically aligns with a given set of observations (in this case the increments of the numerical approximation of a solution of a partial differential equation). This allows us to efficiently implement a model reduction and assimilate data from a reference system state modeled by a highly resolved numerical solution of the rotating shallow water equation of order 104 degrees of freedom into a stochastic system having two orders of magnitude less degrees of freedom. To do so, the new samples are incorporated into a particle filtering methodology augmented with tempering and jittering for dynamic state estimation, a method particularly suited for handling complex and multimodal distributions. This work demonstrates how generative models can be used to improve the predictive accuracy for particle filters, providing a more computationally efficient solution for data assimilation and model calibration.",2024-11-01 15:57:30+00:00,http://arxiv.org/abs/2411.04140v1
2306.07103v1,"['Florian Kogelbauer', 'Ilya Karlin']",2023-06-12 13:27:48+00:00,https://arxiv.org/pdf/2306.07103v1,Analysis of PDEs,"['Analysis of PDEs', 'Mathematical Physics']",Spectral Closure for the Linear Boltzmann-BGK Equation,"We give an explicit description of the spectral closure for the three-dimensional linear Boltzmann-BGK equation in terms of the macroscopic fields, density, flow velocity and temperature. This results in a new linear fluid dynamics model which is valid for any relaxation time. The non-local exact fluid dynamics equations are compared to the Euler, Navier--Stokes and Burnett equations. Our results are based on a detailed spectral analysis of the linearized Boltzmann-BGK operator together with a suitable choice of spectral projection.",2023-06-12 13:27:48+00:00,http://arxiv.org/abs/2306.07103v1
2302.13337v3,['Colin J. Cotter'],2023-03-11 11:37:00+00:00,https://arxiv.org/pdf/2302.13337v3,Numerical Analysis,"['Numerical Analysis', 'Atmospheric and Oceanic Physics']",Compatible finite element methods for geophysical fluid dynamics,"This article surveys research on the application of compatible finite element methods to large scale atmosphere and ocean simulation. Compatible finite element methods extend Arakawa's C-grid finite difference scheme to the finite element world. They are constructed from a discrete de Rham complex, which is a sequence of finite element spaces which are linked by the operators of differential calculus. The use of discrete de Rham complexes to solve partial differential equations is well established, but in this article we focus on the specifics of dynamical cores for simulating weather, oceans and climate. The most important consequence of the discrete de Rham complex is the Hodge-Helmholtz decomposition, which has been used to exclude the possibility of several types of spurious oscillations from linear equations of geophysical flow. This means that compatible finite element spaces provide a useful framework for building dynamical cores. In this article we introduce the main concepts of compatible finite element spaces, and discuss their wave propagation properties. We survey some methods for discretising the transport terms that arise in dynamical core equation systems, and provide some example discretisations, briefly discussing their iterative solution. Then we focus on the recent use of compatible finite element spaces in designing structure preserving methods, surveying variational discretisations, Poisson bracket discretisations, and consistent vorticity transport.",2023-02-26 15:55:21+00:00,http://arxiv.org/abs/2302.13337v3
2401.12155v1,['Thomas Alazard'],2024-01-22 17:49:40+00:00,https://arxiv.org/pdf/2401.12155v1,Analysis of PDEs,['Analysis of PDEs'],Paralinearization of free boundary problems in fluid dynamics,"A classical topic in the mathematical theory of hydrodynamics is to study the evolution of the free surface separating air from an incompressible perfect fluid. The goal of this survey is to examine this problem for two important sets of equations: the water wave equations and the Hele-Shaw equations, including the Muskat problem. These equations are different in nature, dispersive or parabolic, but we will see that they can be studied using related tools. In particular, we will discuss a paradifferential approach to these problems.",2024-01-22 17:49:40+00:00,http://arxiv.org/abs/2401.12155v1
2409.03549v1,"['Diana A. Bistrian', 'Gabriel Dimitriu', 'Ionel M. Navon']",2024-09-05 14:12:15+00:00,https://arxiv.org/pdf/2409.03549v1,Numerical Analysis,"['Numerical Analysis', 'Dynamical Systems']",Reduced-order modelling based on Koopman operator theory,The present study focuses on a subject of significant interest in fluid dynamics: the identification of a model with decreased computational complexity from numerical code output using Koopman operator theory. A reduced-order modelling method that incorporates a novel strategy for identifying the most impactful Koopman modes was used to numerically approximate the Koopman composition operator.,2024-09-05 14:12:15+00:00,http://arxiv.org/abs/2409.03549v1
2308.00358v1,"['Michele Coti Zelati', 'Gianluca Crippa', 'Gautam Iyer', 'Anna L. Mazzucato']",2023-08-01 08:01:31+00:00,https://arxiv.org/pdf/2308.00358v1,Analysis of PDEs,['Analysis of PDEs'],"Mixing in incompressible flows: transport, dissipation, and their interplay","In this survey, we address mixing from the point of view of partial differential equations, motivated by applications that arise in fluid dynamics. We give an account of optimal mixing, loss of regularity for transport equations, enhanced dissipation, and anomalous dissipation.",2023-08-01 08:01:31+00:00,http://arxiv.org/abs/2308.00358v1
2502.09078v1,"['Sandeep Kumar', 'Suneet Singh']",2025-02-13 08:51:21+00:00,https://arxiv.org/pdf/2502.09078v1,Fluid Dynamics,"['Fluid Dynamics', 'Dynamical Systems']",Phototactic Bioconvection in a Rotating Isotropic Porous Medium: Linear Stability Analysis,"This study investigates the linear stability of phototactic bioconvection in a rotating porous medium under collimated light, incorporating the effects of critical intensity, Darcy number, and Taylor number. Using a mathematical model and the MATLAB Bvp4c solver, the critical Rayleigh number and wavenumber for instability onset are identified. The results reveal that higher Darcy numbers enhance instability, increasing the wavelength of bioconvection patterns, while rotation exerts a stabilizing effect by limiting vertical motion and confining fluid dynamics to the horizontal plane. Additionally, an increase in critical intensity amplifies instability. Furthermore, the study explores the transition between oscillatory and stationary solutions, highlighting the role of rotational dynamics in altering instability modes. These findings provide novel insights into the interplay of phototaxis, rotation, and porous media, advancing the understanding of bioconvective systems with potential applications in environmental engineering, biophysics, and geophysical fluid dynamics.",2025-02-13 08:51:21+00:00,http://arxiv.org/abs/2502.09078v1
2512.17736v1,"['Davide Addona', 'Davide Bignamini', 'Carlo Orrieri', 'Luca Scarpa']",2025-12-19 16:15:14+00:00,https://arxiv.org/pdf/2512.17736v1,Probability,"['Probability', 'Analysis of PDEs']",Pathwise uniqueness by noise for singular stochastic PDEs,"Pathwise uniqueness for stochastic PDEs with drift in differential form is a main open problem in the recent literature on regularisation by noise. This paper establishes a self-contained theory in the framework of stochastic evolution equations on separable Hilbert spaces and provides a first result to address such an issue. The singularity of the drift allows to achieve novel uniqueness results for several classes of examples, ranging from fluid-dynamics to phase-separation models.",2025-12-19 16:15:14+00:00,http://arxiv.org/abs/2512.17736v1
2411.00291v1,['Runzhang Zhong'],2024-11-01 00:59:57+00:00,https://arxiv.org/pdf/2411.00291v1,Analysis of PDEs,"['Analysis of PDEs', 'Nuclear Theory']",The linearized Israel-Stewart equations with a physical vacuum boundary,"In this article, we consider the Israel-Stewart equations of relativistic viscous fluid dynamics with bulk viscosity. We investigate the evolution of the equations linearized about solutions that satisfy the physical vacuum boundary condition and establish local well-posedness of the corresponding Cauchy problem.",2024-11-01 00:59:57+00:00,http://arxiv.org/abs/2411.00291v1
2405.05098v1,"['Jiajie Li', 'Shengfeng Zhu']",2024-05-08 14:52:35+00:00,https://arxiv.org/pdf/2405.05098v1,Numerical Analysis,"['Numerical Analysis', 'Optimization and Control', 'Fluid Dynamics']",Energy stable gradient flow schemes for shape and topology optimization in Navier-Stokes flows,We study topology optimization governed by the incompressible Navier-Stokes flows using a phase field model. Novel stabilized semi-implicit schemes for the gradient flows of Allen-Cahn and Cahn-Hilliard types are proposed for solving the resulting optimal control problem. Unconditional energy stability is shown for the gradient flow schemes in continuous and discrete spaces. Numerical experiments of computational fluid dynamics in 2d and 3d show the effectiveness and robustness of the optimization algorithms proposed.,2024-05-08 14:52:35+00:00,http://arxiv.org/abs/2405.05098v1
2410.11232v1,"['Rômulo Damasclin Chaves dos Santos', 'Jorge Henrique de Oliveira Sales']",2024-10-15 03:28:45+00:00,https://arxiv.org/pdf/2410.11232v1,Analysis of PDEs,"['Analysis of PDEs', 'Fluid Dynamics']",Hypercomplex Dynamics and Turbulent Flows in Sobolev and Besov Functional Spaces,"This paper presents a rigorous study of advanced functional spaces, with a focus on Sobolev and Besov spaces, to investigate key aspects of fluid dynamics, including the regularity of solutions to the Navier-Stokes equations, hypercomplex bifurcations, and turbulence. We offer a comprehensive analysis of Sobolev embedding theorems in fractional spaces and apply bifurcation theory within quaternionic dynamical systems to better understand the complex behaviors in fluid systems. Additionally, the research delves into energy dissipation mechanisms in turbulent flows through the framework of Besov spaces. Key mathematical tools, such as interpolation theory, Littlewood-Paley decomposition, and energy cascade models, are integrated to develop a robust theoretical approach to these problems. By addressing challenges related to the existence and smoothness of solutions, this work contributes to the ongoing exploration of the open Navier-Stokes problem, providing new insights into the intricate relationship between fluid dynamics and functional spaces.",2024-10-15 03:28:45+00:00,http://arxiv.org/abs/2410.11232v1
2401.00332v1,"['Juraj Foldes', 'Mouhamadou Sy']",2023-12-30 21:45:57+00:00,https://arxiv.org/pdf/2401.00332v1,Analysis of PDEs,"['Analysis of PDEs', 'Probability']",Almost sure global well-posedness for 3D Euler equation and other fluid dynamics models,We construct various statistical ensembles associated to the 3D Euler equations and prove global regularity of these equations for data living on these sets. Similar results are also proven for generalized SQG equations and some shell models. Qualitative properties of the ensembles and the constructed flows are also given.,2023-12-30 21:45:57+00:00,http://arxiv.org/abs/2401.00332v1
2601.15982v1,"['Madhusraba Sinha', 'Jan Stratmann']",2026-01-22 14:04:03+00:00,https://arxiv.org/pdf/2601.15982v1,Analysis of PDEs,"['Analysis of PDEs', 'Fluid Dynamics']",Real-Time Inviscid Fluid Dynamics and Aero-acoustics on a Sphere,"Real-time fluid and aeroacoustic simulation on complex surfaces can have interactive applications - from globe-based weather visualizations to immersive computer games with physically accurate wind and sound. However, conventional grid-based solvers struggle with numerical instability near surface singularities, and mesh-based approaches lack a straightforward path to solving partial differential equations (PDEs) with stable, high-order accuracy.
  Our model presents a unified framework for real-time inviscid fluid simulation and aeroacoustics on spherical surfaces with embedded obstacles, combining the Closest Point Method (CPM), projection-based Navier-Stokes solvers, and the Ffowcs Williams-Hawkings (FWH) analogy. CPM enables surface PDEs to be solved in a Cartesian embedding without parametrization by restricting computation to a narrow band around the sphere. Each band point is mapped to its nearest surface location, where band operators project results onto the local tangent space. Surface obstacles are modelled with signed distance functions (SDFs), enforcing no-slip velocity constraints and Bernoulli-based pressure adjustments for consistent real-world boundary interactions. Aeroacoustic sources are computed directly from surface pressure force derivatives and mapped to real-time audio via frequency and amplitude modulation with artifact-suppressing hysteresis smoothing.
  Our findings from this model simulate the behaviour of inviscid fluid on spherical surfaces while generating sound using the pressure of the fluid flowing on the surface. This approach gives results that offer stability, geometric consistency, and support applications in scientific visualization, virtual reality, and educational tools.",2026-01-22 14:04:03+00:00,http://arxiv.org/abs/2601.15982v1
2303.14432v1,"['Julien Genovese', 'Francesco Ballarin', 'Gianluigi Rozza', 'Claudio Canuto']",2023-03-25 10:42:00+00:00,https://arxiv.org/pdf/2303.14432v1,Numerical Analysis,['Numerical Analysis'],Weighted reduced order methods for uncertainty quantification in computational fluid dynamics,"In this manuscript we propose and analyze weighted reduced order methods for stochastic Stokes and Navier-Stokes problems depending on random input data (such as forcing terms, physical or geometrical coefficients, boundary conditions). We will compare weighted methods such as weighted greedy and weighted POD with non-weighted ones in case of stochastic parameters. In addition we will analyze different sampling and weighting choices to overcome the curse of dimensionality with high dimensional parameter spaces.",2023-03-25 10:42:00+00:00,http://arxiv.org/abs/2303.14432v1
2308.09851v1,"['Marcelo M. Disconzi', 'Yuanzhen Shao']",2023-08-18 22:55:04+00:00,https://arxiv.org/pdf/2308.09851v1,Analysis of PDEs,"['Analysis of PDEs', 'General Relativity and Quantum Cosmology', 'Mathematical Physics', 'Nuclear Theory']","Strongly hyperbolic quasilinear systems revisited, with applications to relativistic fluid dynamics","We revisit the theory of first-order quasilinear systems with diagonalizable principal part and only real eigenvalues, what is commonly referred to as strongly hyperbolic systems. We provide a self-contained and simple proof of local well-posedness, in the Hadamard sense, of the Cauchy problem. Our regularity assumptions are very minimal. As an application, we apply our results to systems of ideal and viscous relativistic fluids, where the theory of strongly hyperbolic equations has been systematically used to study several systems of physical interest.",2023-08-18 22:55:04+00:00,http://arxiv.org/abs/2308.09851v1
2406.00719v1,['Heinrich Freistuhler'],2024-06-02 12:00:24+00:00,https://arxiv.org/pdf/2406.00719v1,Analysis of PDEs,"['Analysis of PDEs', 'Mathematical Physics']",Linear Degeneracy in a Class of Nonlinear Second-Order Hyperbolic Systems,"For a class of nonlinear hyperbolic systems of second order the paper shows that all Lax modes associated with their first-order formulations are linearly degenerate. This property holds for recently considered models of dissipative relativistic fluid dynamics, supporting the possibility that solutions to these models generally avoid singularity formation.",2024-06-02 12:00:24+00:00,http://arxiv.org/abs/2406.00719v1
2402.10680v1,"['Anas Jnini', 'Flavio Vella', 'Marius Zeinhofer']",2024-02-16 13:34:28+00:00,https://arxiv.org/pdf/2402.10680v1,Optimization and Control,"['Optimization and Control', 'Computational Physics']",Gauss-Newton Natural Gradient Descent for Physics-Informed Computational Fluid Dynamics,"We propose Gauss-Newton's method in function space for the solution of the Navier-Stokes equations in the physics-informed neural network (PINN) framework. Upon discretization, this yields a natural gradient method that provably mimics the function space dynamics. Our computational results demonstrate close to single-precision accuracy measured in relative $L^2$ norm on a number of benchmark problems. To the best of our knowledge, this constitutes the first contribution in the PINN literature that solves the Navier-Stokes equations to this degree of accuracy. Finally, we show that given a suitable integral discretization, the proposed optimization algorithm agrees with Gauss-Newton's method in parameter space. This allows a matrix-free formulation enabling efficient scalability to large network sizes.",2024-02-16 13:34:28+00:00,http://arxiv.org/abs/2402.10680v1
2509.20965v1,"['Pardeep Kumar', 'Patricio I. Rosen Esquivel']",2025-09-25 10:06:31+00:00,https://arxiv.org/pdf/2509.20965v1,Computational Physics,"['Computational Physics', 'Numerical Analysis', 'Fluid Dynamics']",A Reformulation of UVN-Flash for Multicomponent Two-Phase Systems with Application to CO2-rich Mixture Transport in Pipelines,"Pipeline transport of dense-phase CO2-rich mixtures is a crucial component in carbon capture and storage (CCS). Accurate modeling requires coupling of fluid dynamics and thermodynamics, especially during transient events such as depressurization. In this work, we present a unified framework for two-phase multicomponent transport in pipelines that integrates both aspects. Specifically, we employ the homogeneous equilibrium model (HEM) for modeling the transport of two-phase CO2-rich mixture, with thermodynamic closure provided by a Helmholtz energy-based equation of state. Phase equilibrium calculations are performed using UVN-flash, supplemented with a stability analysis procedure to detect phase separation and generate initial guesses for the phase-equilibrium calculations. Specifically, we introduce a novel tailored UVN-flash routine that aligns with the fluid dynamics formulation. This is achieved by introducing an alternative and better-scaled set of variables for the phase-equilibrium calculations. The proposed framework is applied to the depressurization of tanks and pipelines containing CO2-rich mixtures, demonstrating its effectiveness for CCS-relevant applications.",2025-09-25 10:06:31+00:00,http://arxiv.org/abs/2509.20965v1
2401.03662v2,"['Hengrong Du', 'Chuntian Wang']",2025-10-15 14:15:50+00:00,https://arxiv.org/pdf/2401.03662v2,Analysis of PDEs,"['Analysis of PDEs', 'Probability']",Partial Regularity for the Three-dimensional Stochastic Ericksen--Leslie equations,"In this article, we investigate the global existence of martingale suitable weak solutions to stochastic Ericksen-Leslie equations with additive noise in a 3D torus. The notion of suitable weak solutions has been introduced to address possible emergence of finite-time singularities, which remains a notably challenging question in the field of fluid dynamics. Weak solutions offer an approach to account for these potential singularities. A restricted class of weak solutions that exhibit a higher level of regularity, and are therefore more likely to be physically meaningful, is naturally called for. Consequently, suitable weak solutions -- that is, weak solutions that satisfy a local energy inequality -- have become a focus of research, including investigations into how regular these solutions can be. In this article, we prove that, despite the presence of white noise, the paths of martingale suitable weak solutions of 3D stochastic Ericksen-Leslie equations exhibit singular points of one-dimensional parabolic Hausdorff measure zero. To establish this result, we utilize two techniques that can potentially be generalized to handle other stochastically forced complex fluid dynamics equations with a similar structure. First, a local energy-preserving approximation is constructed, which markedly facilitates the proof of the global existence of martingale suitable weak solutions. Second, to demonstrate partial regularity of these solutions, a blow-up argument is formulated, which efficiently yields the desired key estimate.",2024-01-08 04:25:07+00:00,http://arxiv.org/abs/2401.03662v2
2512.19541v1,"['Antonio Agresti', 'Esmée Theewis']",2025-12-22 16:24:50+00:00,https://arxiv.org/pdf/2512.19541v1,Probability,"['Probability', 'Mathematical Physics', 'Analysis of PDEs']",The large deviation principle for the stochastic 3D primitive equations with transport noise,"We prove the small-noise large deviation principle for the three-dimensional primitive equations with transport noise and turbulent pressure. Transport noise is important for geophysical fluid dynamics applications, as it takes into account the effect of small scales on the large scale dynamics. The main mathematical challenge is that we allow for the transport noise to act on the full horizontal velocity, therefore leading to a non-trivial turbulent pressure, which requires an involved analysis to obtain the necessary energy bounds. Both Stratonovich and Itô noise are treated.",2025-12-22 16:24:50+00:00,http://arxiv.org/abs/2512.19541v1
2410.05201v1,['Lizhe Wan'],2024-10-07 17:04:53+00:00,https://arxiv.org/pdf/2410.05201v1,Analysis of PDEs,['Analysis of PDEs'],Low regularity well-posedness for two-dimensional deep water waves,"The study of gravity-capillary water waves in two space dimensions has been an important question in mathematical fluid dynamics. By implementing the cubic modified energy method of Ifrim-Tataru in the context of gravity-capillary waves, we show that for $s> 1$, the two-dimensional gravity-capillary water wave system is locally well-posed in $\mathcal{H}^{s}$.",2024-10-07 17:04:53+00:00,http://arxiv.org/abs/2410.05201v1
2311.08197v2,"['Zdzisław Brzeźniak', 'Mario Maurelli', 'Alexander Schmeding']",2023-12-06 20:11:41+00:00,https://arxiv.org/pdf/2311.08197v2,Probability,"['Probability', 'Analysis of PDEs', 'Differential Geometry']",The Ebin-Marsden toolbox for stochastic PDEs: stochastic Euler equations,"The Ebin-Marsden theory is a powerful geometric framework for many PDEs from fluid dynamics. In this paper we provide a toolbox to apply the Ebin-Marsden approach to stochastic PDEs, combining tools from infinite-dimensional geometry and stochastic analysis. We showcase our approach in the context of incompressible Euler equation for an ideal fluid with additive noise. Among our main results there are: (i) local well-posedness of maximal solutions by using the Ebin-Marsden framework; (ii) a stochastic version of the celebrated no-loss-no-gain theorem.",2023-11-14 14:29:24+00:00,http://arxiv.org/abs/2311.08197v2
2509.05546v1,"['Afifah Maya Iknaningrum', 'Pen-Yuan Hsu', 'Tsuyoshi Yoneda', 'Hirofumi Notsu']",2025-09-06 00:11:29+00:00,https://arxiv.org/pdf/2509.05546v1,Analysis of PDEs,"['Analysis of PDEs', 'Numerical Analysis', 'Fluid Dynamics']",Energy Transfer Dynamics Generated by Non-Axisymmetric Tornado-Type Flows,"The energy cascade in turbulence, first statistically described by Richardson (1922) and Kolmogorov (1941), lacked connection to the underlying fluid dynamics. Recent numerical studies of Goto et al. (2017) and Yoneda et al. (2022) revealed scale-local energy transfer via vortex stretching but remained within spatial statistics. This study aims to uncover the time-dependent elementary process behind the energy cascade by constructing a tornado-type flow in a non-axisymmetric curved cylindrical domain. Our approach reveals specific vortex dynamics responsible for energy transfer, offering new insight into the physical mechanisms of turbulence.",2025-09-06 00:11:29+00:00,http://arxiv.org/abs/2509.05546v1
2303.11829v1,['Heinrich Freistuhler'],2023-03-21 13:14:57+00:00,https://arxiv.org/pdf/2303.11829v1,Analysis of PDEs,"['Analysis of PDEs', 'Mathematical Physics']",On Shock Profiles in Four-Field Formulations of Dissipative Relativistic Fluid Dynamics,"This paper shows that in second-order hyperbolic systems of partial differential equations proposed in authors' earlier paper (J. Math. Phys. 59 (2018)) for modelling the relativistic dynamics of barotropic fluids in the presence of viscosity and heat conduction, shock waves of arbitrary strength have smooth, monotone dissipation profiles. The results and arguments extend classical considerations of Weyl (Comm. Pure Appl. Math. 2 (1949)) and Gilbarg (Amer. J. Math. 73 (1951)) to the relativistic setting.",2023-03-21 13:14:57+00:00,http://arxiv.org/abs/2303.11829v1
2508.13867v1,"['Mingliang Zhong', 'Adrian Kummerländer', 'Shota Ito', 'Mathias J. Krause', 'Martin Frank', 'Stephan Simonis']",2025-08-19 14:32:10+00:00,https://arxiv.org/pdf/2508.13867v1,Fluid Dynamics,"['Fluid Dynamics', 'Mathematical Software', 'Numerical Analysis', 'Computational Physics']",OpenLB-UQ: An Uncertainty Quantification Framework for Incompressible Fluid Flow Simulations,"Uncertainty quantification (UQ) is crucial in computational fluid dynamics to assess the reliability and robustness of simulations, given the uncertainties in input parameters. OpenLB is an open-source lattice Boltzmann method library designed for efficient and extensible simulations of complex fluid dynamics on high-performance computers. In this work, we leverage the efficiency of OpenLB for large-scale flow sampling with a dedicated and integrated UQ module. To this end, we focus on non-intrusive stochastic collocation methods based on generalized polynomial chaos and Monte Carlo sampling. The OpenLB-UQ framework is extensively validated in convergence tests with respect to statistical metrics and sample efficiency using selected benchmark cases, including two-dimensional Taylor--Green vortex flows with up to four-dimensional uncertainty and a flow past a cylinder. Our results confirm the expected convergence rates and show promising scalability, demonstrating robust statistical accuracy as well as computational efficiency. OpenLB-UQ enhances the capability of the OpenLB library, offering researchers a scalable framework for UQ in incompressible fluid flow simulations and beyond.",2025-08-19 14:32:10+00:00,http://arxiv.org/abs/2508.13867v1
2508.15460v1,"['Young-Pil Choi', 'Jinwook Jung', 'Aneta Wróblewska-Kamińska']",2025-08-21 11:30:46+00:00,https://arxiv.org/pdf/2508.15460v1,Analysis of PDEs,['Analysis of PDEs'],Coupled Vlasov and non-Newtonian fluid dynamics: existence and large-time behavior,"We study a coupled kinetic-non-Newtonian fluid system on the periodic domain ${\mathbb T}^3$, where particles evolve by a Vlasov equation and interact with an incompressible power-law fluid through a drag force. We prove the global existence of weak solutions for all $p > \frac{8}{5}$, where $p > 1$ denotes the power-law exponent of the fluid's stress-strain relation. Under an additional uniform boundedness assumption on the particle density, we also establish large-time decay of a modulated energy functional measuring deviation from velocity alignment. The decay rate is algebraic when $p > 2$ and exponential when $\frac{6}{5} \le p \le 2$, reflecting the role of fluid dissipation in the large-time dynamics.",2025-08-21 11:30:46+00:00,http://arxiv.org/abs/2508.15460v1
2304.10493v1,"['Matthew Enlow', 'Adam Larios', 'Jiahong Wu']",2023-04-20 17:34:20+00:00,https://arxiv.org/pdf/2304.10493v1,Analysis of PDEs,"['Analysis of PDEs', 'Numerical Analysis']",Algebraic calming for the 2D Kuramoto-Sivashinsky equations,"We propose an approximate model for the 2D Kuramoto-Sivashinsky equations (KSE) of flame fronts and crystal growth. We prove that this new ``calmed'' version of the KSE is globally well-posed, and moreover, its solutions converge to solutions of the KSE on the time interval of existence and uniqueness of the KSE at an algebraic rate. In addition, we provide simulations of the calmed KSE, illuminating its dynamics. These simulations also indicate that our analytical predictions of the convergence rates are sharp. We also discuss analogies with the 3D Navier-Stokes equations of fluid dynamics.",2023-04-20 17:34:20+00:00,http://arxiv.org/abs/2304.10493v1
2505.00705v1,"['Ahmad Deeb', 'Denys Dutykh']",2025-02-06 09:33:54+00:00,https://arxiv.org/pdf/2505.00705v1,Numerical Analysis,"['Numerical Analysis', 'Fluid Dynamics']",Numerical Integration of Navier-Stokes Equations by Time Series Expansion and Stabilized FEM,"This manuscript introduces an advanced numerical approach for the integration of incompressible Navier-Stokes (NS) equations using a Time Series Expansion (TSE) method within a Finite Element Method (FEM) framework. The technique is enhanced by a novel stabilization strategy, incorporating a Divergent Series Resummation (DSR) technique, which significantly augments the computational efficiency of the algorithm. The stabilization mechanism is meticulously designed to improve the stability and validity of computed series terms, enabling the application of the Factorial Series (FS) algorithm for series resummation. This approach is pivotal in addressing the challenges associated with the accurate and stable numerical solution of NS equations, which are critical in Computational Fluid Dynamics (CFD) applications. The manuscript elaborates on the variational formulation of Stokes problem and present convergence analysis of the method using the Ladyzhenskaya-Babuska-Brezzi (LBB) condition. It is followed by the NS equations and the implementation details of the stabilization technique, underscored by numerical tests on laminar flow past a cylinder, showcasing the method's efficacy and potential for broad applicability in fluid dynamics simulations. The results of the stabilization indicate a substantial enhancement in computational stability and accuracy, offering a promising avenue for future research in the field.",2025-02-06 09:33:54+00:00,http://arxiv.org/abs/2505.00705v1
2509.22069v2,"['Andrea Signori', 'Hao Wu']",2026-01-10 11:18:02+00:00,https://arxiv.org/pdf/2509.22069v2,Analysis of PDEs,['Analysis of PDEs'],Optimal Control of a Navier-Stokes-Cahn-Hilliard System for Membrane-fluid Interaction,"We consider an optimal control problem for a two-dimensional Navier-Stokes-Cahn-Hilliard system arising in the modeling of fluid-membrane interaction. The fluid dynamics is governed by the incompressible Navier-Stokes equations, which are nonlinearly coupled with a sixth-order Cahn-Hilliard type equation representing the deformation of a flexible membrane through a phase-field variable. Building on the previously established existence and uniqueness of global strong solutions for the coupled system, we introduce an external forcing term acting on the fluid as the control variable. Then we seek to minimize a tracking-type cost functional, demonstrating the existence of an optimal control and deriving the associated first-order necessary optimality conditions. A key issue is to establish sufficient regularity for solutions of the adjoint system, which is crucial for the rigorous derivation of optimality conditions in the fluid dynamic setting.",2025-09-26 08:51:14+00:00,http://arxiv.org/abs/2509.22069v2
2306.10709v1,"['Archis S. Joglekar', 'Alexander G. R. Thomas']",2023-06-19 06:02:53+00:00,https://arxiv.org/pdf/2306.10709v1,Computational Physics,"['Computational Physics', 'Artificial Intelligence', 'Numerical Analysis', 'Fluid Dynamics', 'Plasma Physics']",Machine learning of hidden variables in multiscale fluid simulation,"Solving fluid dynamics equations often requires the use of closure relations that account for missing microphysics. For example, when solving equations related to fluid dynamics for systems with a large Reynolds number, sub-grid effects become important and a turbulence closure is required, and in systems with a large Knudsen number, kinetic effects become important and a kinetic closure is required. By adding an equation governing the growth and transport of the quantity requiring the closure relation, it becomes possible to capture microphysics through the introduction of ``hidden variables'' that are non-local in space and time. The behavior of the ``hidden variables'' in response to the fluid conditions can be learned from a higher fidelity or ab-initio model that contains all the microphysics. In our study, a partial differential equation simulator that is end-to-end differentiable is used to train judiciously placed neural networks against ground-truth simulations. We show that this method enables an Euler equation based approach to reproduce non-linear, large Knudsen number plasma physics that can otherwise only be modeled using Boltzmann-like equation simulators such as Vlasov or Particle-In-Cell modeling.",2023-06-19 06:02:53+00:00,http://arxiv.org/abs/2306.10709v1
2601.20750v1,"['Vit Dolejsi', 'Jakub Sistek']",2026-01-28 16:30:29+00:00,https://arxiv.org/pdf/2601.20750v1,Numerical Analysis,['Numerical Analysis'],Adaptive domain decomposition method for time-dependent problems with applications in fluid dynamics,"We deal with the numerical solution of the time-dependent partial differential equations using the adaptive space-time discontinuous Galerkin (DG) method. The discretization leads to a nonlinear algebraic system at each time level, the size of the system is varying due to mesh adaptation. A Newton-like iterative solver leads to a sequence of linear algebraic systems which are solved by GMRES solver with a domain decomposition preconditioner. Particularly, we consider additive and hybrid two-level Schwarz preconditioners which are efficient and easy to implement for DG discretization. We study the convergence of the linear solver in dependence on the number of subdomains and the number of element of the coarse grid. We propose a simplified cost model measuring the computational costs in terms of floating-point operations, the speed of computation, and the wall-clock time for communications among computer cores. Moreover, the cost model serves as a base of the presented adaptive domain decomposition method which chooses the number of subdomains and the number of element of the coarse grid in order to minimize the computational costs. The efficiency of the proposed technique is demonstrated by two benchmark problems of compressible flow simulations.",2026-01-28 16:30:29+00:00,http://arxiv.org/abs/2601.20750v1
2510.07526v2,['Heinrich Freistuhler'],2025-11-06 17:05:58+00:00,https://arxiv.org/pdf/2510.07526v2,Analysis of PDEs,['Analysis of PDEs'],Consistency of some well-posed five-field theories of dissipative relativistic fluid dynamics,"Within the FTBDNK family of formulations of relativistic Navier-Stokes (H. Freistühler and B. Temple, Proc. R. Soc. A 470, 20140055 (2014), Proc. R. Soc. A 473 (2017), 20160729; F. S. Bemfica, M. Disconzi, and J. Noronha, Phys. Rev. D 98, 104064 (2018), Phys. Rev. D 100, 104020 (2019); P. Kovtun, J. High Energy Phys. 2019, 034 (2019)), this paper collects some consistency properties for certain causal hyperbolic five-field theories obtained from the Landau-Lifshitz formulation via Eulerian gradient shifts, a family, EGS(L), of models that slightly generalize a class identified in H. Freistühler, J. Math.\ Phys. 61, 033101 (2020). With $ε$ the magnitude of the dissipation coefficients that quantify viscosity and heat conduction, the paper shows that any element of EGS(L) is $O(ε^2)$ equivalent to the Landau-Lifshitz formulation, has an $O(ε^3)$ excess entropy production, represents heterogeneous local thermodynamic equilibria cleanly, and admits regular heteroclinic profiles for all shock waves of sufficiently small amplitude.",2025-10-08 20:44:10+00:00,http://arxiv.org/abs/2510.07526v2
2303.03992v2,"['Javier Gómez-Serrano', 'Alexandru D. Ionescu', 'Jaemin Park']",2025-06-26 13:14:39+00:00,https://arxiv.org/pdf/2303.03992v2,Analysis of PDEs,['Analysis of PDEs'],Quasiperiodic solutions of the generalized SQG equation,"This monograph addresses an important problem in mathematical fluid dynamics: constructing stable, long-term solutions to certain quasilinear evolution equations. We implement an elaborate scheme for building global quasiperiodic solutions without relying on external parameters. Instead of relying on artificial external parameters, we exploit the natural structure of initial data to generate families of stable solutions. This approach offers a more robust framework for studying global solutions of quasilinear PDEs.
  The book combines techniques from KAM theory, a Nash-Moser iteration scheme, and pseudo-differential calculus, and provides tools that extend beyond the specific SQG context and may prove useful for other evolution equations.
  Specifically, we establish the existence of quasiperiodic patch solutions for the generalized Surface Quasi-Geostrophic equation (SQG) across the parameter range $α\in (1,2)$, in a neighborhood of the disk solution. These solutions exist globally in time without developing singularities, addressing an important question about the behavior of geophysical fluid models. This work provides new insights into global dynamics in a mathematically challenging regime where standard perturbative methods are insufficient. The techniques developed here offer potential applications to other evolution equations in mathematical physics, making this a valuable resource for researchers in partial differential equations, fluid dynamics, and related fields.",2023-03-07 15:46:15+00:00,http://arxiv.org/abs/2303.03992v2
2503.05308v2,"['Hancheng Bi', 'Clément Sarrazin', 'Bernhard Schmitzer', 'Thilo D. Stier']",2026-01-23 11:47:28+00:00,https://arxiv.org/pdf/2503.05308v2,Dynamical Systems,"['Dynamical Systems', 'Numerical Analysis']",Entropic transfer operators for stochastic systems,"Dynamical systems can be analyzed via their Frobenius-Perron transfer operator and its estimation from data is an active field of research. Recently entropic transfer operators have been introduced to estimate the operator of deterministic systems. The approach is based on the regularizing properties of entropic optimal transport plans. In this article we generalize the method to stochastic and non-stationary systems and give a quantitative convergence analysis of the empirical operator as the available samples increase. We introduce a way to extend the operator's eigenfunctions to previously unseen samples, such that they can be efficiently included into a spectral embedding. The practicality and numerical scalability of the method are demonstrated on a real-world fluid dynamics experiment.",2025-03-07 10:39:09+00:00,http://arxiv.org/abs/2503.05308v2
2402.10375v1,"['Patrick van Meurs', 'Kenkichi Tsunoda', 'Lu Xu']",2024-02-15 23:56:27+00:00,https://arxiv.org/pdf/2402.10375v1,Probability,['Probability'],Incompressible limit for weakly asymmetric simple exclusion processes coupled through collision,We establish the incompressible limit of weakly asymmetric simple exclusion processes coupled through particle collisions. The incompressible limit depends on various parameters in the particle system and is linked to fluid dynamics equations. Our main contributions to previous results are the extension of the parameter space and the focus on local particle jumps. Our proof uses the relative entropy method. The main novelties in the proof are a Boltzmann-Gibbs principle (a replacement lemma) and a spectral gap estimate.,2024-02-15 23:56:27+00:00,http://arxiv.org/abs/2402.10375v1
2402.16525v2,"['Franco Flandoli', 'Marco Rehmeier']",2024-08-12 14:58:50+00:00,https://arxiv.org/pdf/2402.16525v2,Probability,"['Probability', 'Mathematical Physics', 'Analysis of PDEs']","Remarks on regularization by noise, convex integration and spontaneous stochasticity","This note is devoted to a discussion of the potential links and differences between three topics: regularization by noise, convex integration, spontaneous stochasticity. All of them deal with the effect on large scales of a small-scale perturbation of fluid dynamic equations. The effects sometimes have something in common, like convex integration and spontaneous stochasticity, sometimes they look the opposite, as in regularization by noise. We are not aware of rigorous links or precise explanations of the differences, and hope to drive new research with this comparative examination.",2024-02-26 12:15:56+00:00,http://arxiv.org/abs/2402.16525v2
2402.12571v3,"['Biswajit Khara', 'Robert Dyja', 'Kumar Saurabh', 'Anupam Sharma', 'Baskar Ganapathysubramanian']",2024-11-22 17:58:05+00:00,https://arxiv.org/pdf/2402.12571v3,Numerical Analysis,"['Numerical Analysis', 'Analysis of PDEs']",Solving fluid flow problems in space-time with multiscale stabilization: formulation and examples,"We present a space-time continuous-Galerkin finite element method for solving incompressible Navier-Stokes equations. To ensure stability of the discrete variational problem, we apply ideas from the variational multi-scale method. The finite element problem is posed on the ``full"" space-time domain, considering time as another dimension. We provide a rigorous analysis of the stability and convergence of the stabilized formulation. And finally, we apply this method on two benchmark problems in computational fluid dynamics, namely, lid-driven cavity flow and flow past a circular cylinder. We validate the current method with existing results from literature and show that very large space-time blocks can be solved using our approach.",2024-02-19 21:53:41+00:00,http://arxiv.org/abs/2402.12571v3
2409.13800v1,"['Christopher Eldred', 'François Gay-Balmaz', 'Meng Wu']",2024-09-20 16:38:16+00:00,https://arxiv.org/pdf/2409.13800v1,Dynamical Systems,"['Dynamical Systems', 'Fluid Dynamics']","Geometric, Variational, and Bracket Descriptions of Fluid Motion with Open Boundaries","We develop a Lie group geometric framework for the motion of fluids with permeable boundaries that extends Arnold's geometric description of fluid in closed domains. Our setting is based on the classical Hamilton principle applied to fluid trajectories, appropriately amended to incorporate bulk and boundary forces via a Lagrange-d'Alembert approach, and to take into account only the fluid particles present in the fluid domain at a given time. By applying a reduction by relabelling symmetries, we deduce a variational formulation in the Eulerian description that extends the Euler-Poincaré framework to open fluids. On the Hamiltonian side, our approach yields a bracket formulation that consistently extends the Lie-Poisson bracket of fluid dynamics and contains as a particular case a bulk+boundary bracket formulation proposed earlier. We illustrate the geometric framework with several examples, and also consider the extension of this setting to include multicomponent fluids, the consideration of general advected quantities, the analysis of higher-order fluids, and the incorporation of boundary stresses. Open fluids are found in a wide range of physical systems, including geophysical fluid dynamics, porous media, incompressible flow and magnetohydrodynamics. This new formulation permits a description based on geometric mechanics that can be applied to a broad class of models.",2024-09-20 16:38:16+00:00,http://arxiv.org/abs/2409.13800v1
2402.19439v1,"['Aynur Bulut', 'Hongjie Dong']",2024-02-29 18:41:35+00:00,https://arxiv.org/pdf/2402.19439v1,Analysis of PDEs,['Analysis of PDEs'],Global well-posedness for supercritical SQG with perturbations of radially symmetric data,"We study the global well-posedness of the supercritical dissipative surface quasi-geostrophic (SQG) equation, a key model in geophysical fluid dynamics. While local well-posedness is known, achieving global well-posedness for large initial data remains open. Motivated by enhanced decay in radial solutions, we aim to establish global well-posedness for small perturbations of potentially large radial data. Our main result shows that for small perturbations of radial data, the SQG equation admits a unique global solution.",2024-02-29 18:41:35+00:00,http://arxiv.org/abs/2402.19439v1
2509.07638v1,"['Milton C. Lopes Filho', 'Helena J. Nussenzveig Lopes']",2025-09-09 12:06:30+00:00,https://arxiv.org/pdf/2509.07638v1,Analysis of PDEs,['Analysis of PDEs'],Singularidades para as soluções das Equações de Navier-Stokes and Euler e o Problema do Milênio,"The purpose of this note is to offer a birds-eye view on the history and the state-of-the-art in the research surrounding the Millenium Prize problem for the Navier-Stokes equations, the general problem of singularities in fluid dynamics and the corresponding problem for the Euler equations. This is the content of a plenary talk delivered at the 2024 Biannual meeting of the Brazilian Math Society by Helena Nussenzveig Lopes and it is written in portuguese.",2025-09-09 12:06:30+00:00,http://arxiv.org/abs/2509.07638v1
2403.02433v1,['Bohan Zhou'],2024-03-04 19:28:24+00:00,https://arxiv.org/pdf/2403.02433v1,Optimization and Control,['Optimization and Control'],"Connections between Bressan's Mixing Conjecture, the Branched Optimal Transport and Combinatorial Optimization","We investigate the 1D version of the notable Bressan's mixing conjecture, and introduce various formulation in the classical optimal transport setting, the branched optimal transport setting and a combinatorial optimization. In the discrete case of the combinatorial problem, we prove the number of admissible solutions is on the Catalan number. Our investigation sheds light on the intricate relationship between mixing problem in the fluid dynamics and many other popular fields, leaving many interesting open questions in both theoretical and practical applications across disciplines.",2024-03-04 19:28:24+00:00,http://arxiv.org/abs/2403.02433v1
2505.14700v1,"['Rômulo Damasclin Chaves dos Santos', 'Jorge Henrique de Oliveira Sales']",2025-05-12 13:11:08+00:00,https://arxiv.org/pdf/2505.14700v1,Machine Learning,"['Machine Learning', 'Numerical Analysis', 'Machine Learning']",Stochastic Fractional Neural Operators: A Symmetrized Approach to Modeling Turbulence in Complex Fluid Dynamics,"In this work, we introduce a new class of neural network operators designed to handle problems where memory effects and randomness play a central role. In this work, we introduce a new class of neural network operators designed to handle problems where memory effects and randomness play a central role. These operators merge symmetrized activation functions, Caputo-type fractional derivatives, and stochastic perturbations introduced via Itô type noise. The result is a powerful framework capable of approximating functions that evolve over time with both long-term memory and uncertain dynamics. We develop the mathematical foundations of these operators, proving three key theorems of Voronovskaya type. These results describe the asymptotic behavior of the operators, their convergence in the mean-square sense, and their consistency under fractional regularity assumptions. All estimates explicitly account for the influence of the memory parameter $α$ and the noise level $σ$. As a practical application, we apply the proposed theory to the fractional Navier-Stokes equations with stochastic forcing, a model often used to describe turbulence in fluid flows with memory. Our approach provides theoretical guarantees for the approximation quality and suggests that these neural operators can serve as effective tools in the analysis and simulation of complex systems. By blending ideas from neural networks, fractional calculus, and stochastic analysis, this research opens new perspectives for modeling turbulent phenomena and other multiscale processes where memory and randomness are fundamental. The results lay the groundwork for hybrid learning-based methods with strong analytical backing.",2025-05-12 13:11:08+00:00,http://arxiv.org/abs/2505.14700v1
2602.03684v1,['Marcel Padilla'],2026-02-03 16:05:19+00:00,https://arxiv.org/pdf/2602.03684v1,Differential Geometry,"['Differential Geometry', 'Computational Geometry', 'Graphics', 'Dynamical Systems', 'Fluid Dynamics']",Point Vortex Dynamics on Closed Surfaces,"The theory of point vortex dynamics has existed since Kirchhoff's proposal in 1891 and is still under development with connections to many fields in mathematics. As a strong simplification of the concept of vorticity it excels in computational speed for vorticity based fluid simulations at the cost of accuracy. Recent finding by Stefanella Boatto and Jair Koiller allowed the extension of this theory on to closed surfaces. A comprehensive guide to point vortex dynamics on closed surfaces with genus zero and vanishing total vorticity is presented here. Additionally fundamental knowledge of fluid dynamics and surfaces are explained in a way to unify the theory of point vortex dynamics of the plane, the sphere and closed surfaces together with implementation details and supplement material.",2026-02-03 16:05:19+00:00,http://arxiv.org/abs/2602.03684v1
2507.10725v1,"['Ángel González-Prieto', 'Eva Miranda', 'Daniel Peralta-Salas']",2025-07-14 18:46:58+00:00,https://arxiv.org/pdf/2507.10725v1,Dynamical Systems,"['Dynamical Systems', 'Formal Languages and Automata Theory', 'Differential Geometry']",Universality in computable dynamical systems: Old and new,"The relationship between computational models and dynamics has captivated mathematicians and computer scientists since the earliest conceptualizations of computation. Recently, this connection has gained renewed attention, fueled by T. Tao's programme aiming to discover blowing-up solutions of the Navier-Stokes equations using an embedded computational model. In this survey paper, we review some of the recent works that introduce novel and exciting perspectives on the representation of computability through dynamical systems. Starting from dynamical universality in a classical sense, we shall explore the modern notions of Turing universality in fluid dynamics and Topological Kleene Field Theories as a systematic way of representing computable functions by means of dynamical bordisms. Finally, we will discuss some important open problems in the area.",2025-07-14 18:46:58+00:00,http://arxiv.org/abs/2507.10725v1
2306.10174v4,['Akash Dhruv'],2024-05-18 21:31:44+00:00,https://arxiv.org/pdf/2306.10174v4,Fluid Dynamics,"['Fluid Dynamics', 'Numerical Analysis']",A Vortex Damping Outflow Forcing for Multiphase Flows with Sharp Interfacial Jumps,"Outflow boundaries play an important role in multiphase fluid dynamics simulations that involve transition between liquid and vapor phases. These flows are dominated by low Weber numbers and a sharp jump in pressure, velocity, and temperature. Inadequate treatment of these jumps at the outlet generates undesirable fluid disturbances that propagate upstream and lead to instabilities within the computational domain. To mitigate these disturbances, we introduce a forcing term that can be applied to incompressible Navier-Stokes equations to enforce stability in the numerical solution. The forcing term acts as a damping mechanism to control vortices that are generated by droplet/bubbles in multiphase flows, and is designed to be a general formulation that can be coupled with a fixed pressure outflow boundary condition to simulate a variety of multiphase flow problems. We demonstrate its applicability to simulate pool and flow boiling problems, where bubble-induced vortices during evaporation and condensation present a challenge at the outflow. Validation and verification cases are chosen to quantify accuracy and stability of the proposed method in comparison to established benchmarks and reference solutions, along with detailed performance analysis for three-dimensional simulations on leadership supercomputing platforms. Computational experiments are performed using Flash-X, which is a composable open-source software instrument designed for multiscale fluid dynamics simulations on heterogeneous architectures.",2023-06-16 20:26:48+00:00,http://arxiv.org/abs/2306.10174v4
2601.20455v1,"['Thomas Eiter', 'Robert Lasarzik', 'Marcel Śliwiński']",2026-01-28 10:29:09+00:00,https://arxiv.org/pdf/2601.20455v1,Analysis of PDEs,['Analysis of PDEs'],Existence and selection of solutions in the energy-variational framework with applications in fluid dynamics,"We provide a novel existence result for energy-variational solutions to a general class of evolutionary partial differential equations. Compared to previous works on this solution concept, the generalization is mainly twofold: a relaxation of the assumptions on the regularity weight and the admissibility of energies with merely linear growth. We apply the abstract theory to the Euler--Korteweg system and to the equation for binormal curvature flow, which serve as examples that require the first and second generalization, respectively. Moreover, we discuss criteria that are suitable for the selection of particular energy-variational solutions in the possibly multi-valued solution set.",2026-01-28 10:29:09+00:00,http://arxiv.org/abs/2601.20455v1
2408.09564v3,['Darryl D. Holm'],2024-09-19 19:34:45+00:00,https://arxiv.org/pdf/2408.09564v3,Classical Physics,"['Classical Physics', 'Mathematical Physics', 'Dynamical Systems', 'Plasma Physics']",31 Lectures on Geometric Mechanics,"These lecture notes in geometric mechanics are meant to convey insight through clear definitions and workable examples. The lecture format adopted here is intended to convey the immediacy of the taught course and to be useful as a basis for other courses. The lecture notes comprise:
  AP = Applications of Pure maths, e.g., Noether's theorem: Lie group symmetry of Hamilton's variational principle implies conservation laws for its equations of motion.\smallskip
  PA = Purifications of Applied maths, e.g., Euler fluid dynamics describes geodesic flow on the manifold of smooth invertible maps acting on the domain of flow. \smallskip
  Both AP and PA appear here, though the difference is not mentioned. It is left to the reader to decide whether it was AP or PA in each of the lectures containing well over sixty solved exercises.
  An aspect of modern applications emphasised here is the use of the composition of evolutionary maps for multi-physics, multi-timescale interactions including waves interacting with flows in the Euler--Poincaré framework in geophysical fluid dynamics (GFD) for ocean and atmosphere dynamics, and in magnetohydrodynamics (MHD) for applications in plasma physics such as magnetic confinement fusion (MFC) and astrophysical processes such as Alfvén waves and gravity waves propagating on the Solar tachocline. The topics covered in each lecture can also be gleaned from its table of contents listed at the onset of each lecture.",2024-08-18 18:30:02+00:00,http://arxiv.org/abs/2408.09564v3
2312.15559v2,['Jovan Žigić'],2025-05-23 17:59:47+00:00,https://arxiv.org/pdf/2312.15559v2,Numerical Analysis,['Numerical Analysis'],Time-Dependent Solutions to the 2D Kuramoto-Sivashinsky Equation via Pseudospectral Method on a Rectangular Domain,"This report provides an investigation into solving the Kuramoto-Sivashinsky equation in two spatial dimensions (2DKS) using a pseudo-spectral method on various rectangular periodic domains. The Kuramoto-Sivashinsky equation is a fluid dynamics model that exhibits dynamical features that are highly dependent on the length of the periodic domain. The goals of this report are to describe the mathematical problem; explain the details of the chosen numerical method; inspect solutions and dynamical features for varying grid sizes, step sizes, and domains; and summarize the findings.",2023-12-24 22:47:11+00:00,http://arxiv.org/abs/2312.15559v2
2506.19321v1,"['Seung Yeon Cho', 'Young-Pil Choi', 'Byung-Hoon Hwang', 'Sihyun Song']",2025-06-24 05:19:45+00:00,https://arxiv.org/pdf/2506.19321v1,Analysis of PDEs,"['Analysis of PDEs', 'Numerical Analysis']",From kinetic mixtures to compressible two-phase flow: A BGK-type model and rigorous derivation,"We propose a BGK-type kinetic model for a binary gas mixture, designed to serve as a kinetic formulation of compressible two-phase fluid dynamics. The model features species-dependent adiabatic exponents, and the relaxation operator is constructed by solving an entropy minimization problem under moments constraints. Starting from this model, we derive the compressible two-phase Euler equations via a formal Chapman--Enskog expansion and identify dissipative corrections of Navier--Stokes type. We then rigorously justify the Euler limit using the relative entropy method, establishing quantitative convergence estimates under appropriate regularity assumptions. Finally, we present numerical experiments based on an implicit-explicit Runge--Kutta method, which confirm the asymptotic preserving property and demonstrate the convergence from the BGK model to the isentropic two-phase Euler system in the hydrodynamic regime.",2025-06-24 05:19:45+00:00,http://arxiv.org/abs/2506.19321v1
2503.02475v1,"['Zahra Mirzaiyan', 'Michele Girfoglio', 'Gianluigi Rozza']",2025-03-04 10:37:19+00:00,https://arxiv.org/pdf/2503.02475v1,Fluid Dynamics,"['Fluid Dynamics', 'Numerical Analysis']",On the choice of proper outlet boundary conditions for numerical simulation of cardiovascular flows,"It is well known that in the computational fluid dynamics simulations related to the cardiovascular system the enforcement of outflow boundary conditions is a crucial point. In fact, they highly affect the computed flow and a wrong setup could lead to unphysical results. In this chapter we discuss the main features of two different ways for the estimation of proper outlet boundary conditions in the context of hemodynamics simulations: on one side, a lumped parameter model of the downstream circulation and, on the other one, a technique based on optimal control.",2025-03-04 10:37:19+00:00,http://arxiv.org/abs/2503.02475v1
2510.10571v1,"['Chaohua Duan', 'Hongyu Liu', 'Qingle Meng', 'Li Wang']",2025-10-12 12:42:23+00:00,https://arxiv.org/pdf/2510.10571v1,Analysis of PDEs,"['Analysis of PDEs', 'Mathematical Physics']",Determining nonlinear balance laws in product-type domains by a single local passive boundary observation,"This paper introduces an operator-theoretic paradigm for solving inverse problems in nonlinear balance laws, shifting the focus from identifying specific functional forms to recovering the input-output actions of the associated flux and source operators. It is established that a single local passive boundary observation suffices to uniquely determine realizations of these operators for systems posed on product-type domains. This framework, which encompasses dynamical regimes, reveals a holographic-type principle where macroscopic boundary data encodes microscopic dynamical information, with broad implications for fluid dynamics and reaction-diffusion systems.",2025-10-12 12:42:23+00:00,http://arxiv.org/abs/2510.10571v1
2305.03647v1,"['Enrico Ballini', 'Alberto Silvio Chiappa', 'Stefano Micheletti']",2023-05-05 16:08:34+00:00,https://arxiv.org/pdf/2305.03647v1,Fluid Dynamics,"['Fluid Dynamics', 'Numerical Analysis', 'Optimization and Control']",Reducing the Drag of a Bluff Body by Deep Reinforcement Learning,"We present a deep reinforcement learning approach to a classical problem in fluid dynamics, i.e., the reduction of the drag of a bluff body. We cast the problem as a discrete-time control with continuous action space: at each time step, an autonomous agent can set the flow rate of two jets of fluid, positioned at the back of the body. The agent, trained with Proximal Policy Optimization, learns an effective strategy to make the jets interact with the vortexes of the wake, thus reducing the drag. To tackle the computational complexity of the fluid dynamics simulations, which would make the training procedure prohibitively expensive, we train the agent on a coarse discretization of the domain. We provide numerical evidence that a policy trained in this approximate environment still retains good performance when carried over to a denser mesh. Our simulations show a considerable drag reduction with a consequent saving of total power, defined as the sum of the power spent by the control system and of the power of the drag force, amounting to 40% when compared to simulations with the reference bluff body without any jet. Finally, we qualitatively investigate the control policy learnt by the neural network. We can observe that it achieves the drag reduction by learning the frequency of formation of the vortexes and activating the jets accordingly, thus blowing them away off the rear body surface.",2023-05-05 16:08:34+00:00,http://arxiv.org/abs/2305.03647v1
2402.10570v2,"['Ivan Prusak', 'Davide Torlo', 'Monica Nonino', 'Gianluigi Rozza']",2024-07-10 14:22:24+00:00,https://arxiv.org/pdf/2402.10570v2,Numerical Analysis,['Numerical Analysis'],Optimisation-Based Coupling of Finite Element Model and Reduced Order Model for Computational Fluid Dynamics,"Using Domain Decomposition (DD) algorithm on non--overlapping domains, we compare couplings of different discretisation models, such as Finite Element (FEM) and Reduced Order (ROM) models for separate subcomponents. In particular, we consider an optimisation-based DD model where the coupling on the interface is performed using a control variable representing the normal flux. We use iterative gradient-based optimisation algorithms to decouple the subdomain state solutions as well as to locally generate ROMs on each subdomain. Then, we consider FEM or ROM discretisation models for each of the DD problem components, namely, the triplet state1-state2-control. On the backward-facing step Navier-Stokes (NS) problem, we investigate the efficacy of the presented couplings in terms of optimisation iterations, optimal functional values and relative errors.",2024-02-16 10:55:32+00:00,http://arxiv.org/abs/2402.10570v2
2409.10408v3,"['Theo Diamantakis', 'Ruiao Hu', 'James-Michael Leahy']",2025-11-04 22:56:39+00:00,https://arxiv.org/pdf/2409.10408v3,Mathematical Physics,"['Mathematical Physics', 'Dynamical Systems', 'Probability', 'Fluid Dynamics']",Variational closures for composite homogenised fluid flows,"Homogenisation theory has seen recent applications in deriving stochastic transport models for fluid dynamics. In this work, we first derive the stochastic Lagrange-to-Euler map that underpins stochastic transport noise in fluid dynamics as the homogenisation limit of a parameterised flow map decomposing into rapidly fluctuating and slow components. Specifically, we prove convergence of this parameterised flow map to a scale-separated limit under the assumptions of a weak invariance principle for the rapidly fluctuating component and path continuity for the slow component. In this limit, the rapidly fluctuating component converges to a stochastic flow of diffeomorphisms that transforms the full flow dynamics into an SDE-governed stochastic flow through composition, while the slow component requires closure.
  Our second contribution formulates two distinct variational closures for the slow component of the homogenised flow that exploit the composite structure of the stochastic flow. For the first closure, the critical points of a new variational principle satisfy a system of random-coefficient PDEs, which can be transformed into a system of stochastic PDEs via the coadjoint action of the stochastic flow map obtained from homogenising the fluctuating component. We show that these equations coincide with the stochastic Euler-Poincaré equations previously derived in Holm, Proc. Royal Soc. (2015). For the second closure, we modify the assumptions on the slow component and the associated variational principle to derive averaged models inspired by previous work on mean flow dynamics such as the Generalised Lagrangian Mean.",2024-09-16 15:41:51+00:00,http://arxiv.org/abs/2409.10408v3
2511.21281v1,"['Boumediene Hamzi', 'Houman Owhadi']",2025-11-26 11:13:43+00:00,https://arxiv.org/pdf/2511.21281v1,Dynamical Systems,"['Dynamical Systems', 'Mathematical Physics', 'Probability', 'Machine Learning']",A Dynamics-Informed Gaussian Process Framework for 2D Stochastic Navier-Stokes via Quasi-Gaussianity,"The recent proof of quasi-Gaussianity for the 2D stochastic Navier--Stokes (SNS) equations by Coe, Hairer, and Tolomeo establishes that the system's unique invariant measure is equivalent (mutually absolutely continuous) to the Gaussian measure of its corresponding linear Ornstein--Uhlenbeck (OU) process. While Gaussian process (GP) frameworks are increasingly used for fluid dynamics, their priors are often chosen for convenience rather than being rigorously justified by the system's long-term dynamics.
  In this work, we bridge this gap by introducing a probabilistic framework for 2D SNS built directly upon this theoretical foundation. We construct our GP prior precisely from the stationary covariance of the linear OU model, which is explicitly defined by the forcing spectrum and dissipation. This provides a principled, GP prior with rigorous long-time dynamical justification for turbulent flows, bridging SPDE theory and practical data assimilation.",2025-11-26 11:13:43+00:00,http://arxiv.org/abs/2511.21281v1
2503.14658v2,['Antonio Agresti'],2025-05-07 15:41:25+00:00,https://arxiv.org/pdf/2503.14658v2,Probability,"['Probability', 'Mathematical Physics', 'Analysis of PDEs']",Lagrangian chaos and unique ergodicity for stochastic primitive equations,"We show that the Lagrangian flow associated with the stochastic 3D primitive equations (PEs) with non-degenerate noise is chaotic, i.e., the corresponding top Lyapunov exponent is strictly positive almost surely. This result builds on the landmark work by Bedrossian, Blumenthal, and Punshon-Smith on Lagrangian chaos in stochastic fluid mechanics. Our primary contribution is establishing an instance where Lagrangian chaos can be proven for a fluid flow with supercritical energy, a key characteristic of 3D fluid dynamics. For the 3D PEs, establishing the existence of the top Lyapunov exponent is already a challenging task. We address this difficulty by deriving new estimates for the invariant measures of the 3D PEs, which capture the anisotropic smoothing in the dynamics of the PEs. As a by-product of our results, we also obtain the first uniqueness result for invariant measures of stochastic PEs.",2025-03-18 19:06:56+00:00,http://arxiv.org/abs/2503.14658v2
2511.15261v2,"['Chaohua Duan', 'Yan Jiang', 'Hongyu Liu', 'Wenjian Peng']",2025-11-22 08:34:16+00:00,https://arxiv.org/pdf/2511.15261v2,Analysis of PDEs,"['Analysis of PDEs', 'Numerical Analysis']",A Wave Front Tracking Scheme for Flux Reconstruction in $2\times 2$ Hyperbolic Conservation Laws,"This paper introduces a novel wave front tracking framework for reconstructing unknown flux functions in $2\times 2$ hyperbolic conservation laws, extending beyond the well-studied scalar case. By analyzing Riemann solutions at fixed observation times, we develop explicit reconstruction formulas that handle arbitrary combinations of shock and rarefaction waves through a unified equivalent shock concept. Our method constructs piecewise quadratic $C^1$ flux approximations with rigorous convergence guarantees: the approximation errors decrease quadratically with the discretization parameters for function values and linearly for derivatives under $C^{1,1}$ regularity, with enhanced cubic and quadratic convergence respectively under $C^3$ regularity. Applications to the isentropic Euler equations and the mathematically equivalent p-system in compressible fluid dynamics demonstrate the method's capability to identify complete equations of state from limited dynamic measurements, providing a systematic approach to a fundamental inverse problem in continuum mechanics.",2025-11-19 09:25:36+00:00,http://arxiv.org/abs/2511.15261v2
2408.14065v1,"['Céline Van Landeghem', 'Luca Berti', 'Laëtitia Giraldi', ""Christophe Prud'Homme""]",2024-08-26 07:45:33+00:00,https://arxiv.org/pdf/2408.14065v1,Analysis of PDEs,['Analysis of PDEs'],Towards a computational framework using finite element methods with Arbitrary Lagrangian-Eulerian approach for swimmers with contact,"Swimming involves a body's capability to navigate through a fluid by undergoing self-deformations. Typically, fluid dynamics are described by the Navier-Stokes equations, and when integrated with a swimming body, it results in a highly intricate model. This paper introduces a computational framework for simulating the movement of multiple swimmers with various geometries immersed in a Navier-Stokes fluid. The approach relies on the finite element method with an Arbitrary Lagrangian-Eulerian (ALE) framework to handle swimmer displacements. Numerous numerical experiments demonstrate the adaptability of the computational framework across various scenarios.All the implementations are made using the Feel++ finite element library.",2024-08-26 07:45:33+00:00,http://arxiv.org/abs/2408.14065v1
2404.16585v2,"['Xing Cheng', 'Yunrui Zheng']",2024-04-28 09:16:19+00:00,https://arxiv.org/pdf/2404.16585v2,Analysis of PDEs,['Analysis of PDEs'],Stability of Navier-Stokes equations with a free surface,"We consider the viscous incompressible fluids in a three-dimensional horizontally periodic domain bounded below by a fixed smooth boundary and above by a free moving surface. The fluid dynamics are governed by the Navier-Stokes equations with the effect of gravity and surface tension on the free surface. We develop a global well-posedness theory by a nonlinear energy method in low regular Sobolev spaces with several techniques, including: the horizontal energy-dissipation estimates, a new tripled bootstrap argument inspired by Guo and Tice [Arch. Ration. Mech. Anal.(2018)]. Moreover, the solution decays asymptotically to the equilibrium in an exponential rate.",2024-04-25 12:59:58+00:00,http://arxiv.org/abs/2404.16585v2
2504.07629v1,"['Hantaek Bae', 'Kyungkeun Kang', 'Jaeyong Shin']",2025-04-10 10:24:39+00:00,https://arxiv.org/pdf/2504.07629v1,Analysis of PDEs,['Analysis of PDEs'],On the double Beltrami states in Hall magnetohydrodynamics,"In this paper, we investigate double Beltrami states in the Hall magnetohydrodynamic (Hall MHD) equations. Initially, we examine the double Beltrami states as a special class of steady solutions to the ideal Hall MHD equations, which are closely related to Beltrami flows in incompressible fluid dynamics. Specifically, we classify the double Beltrami states and show that they can be derived by using the variational method as energy minimizers, subject to the conservation of two helicities. We then extend our analysis to time-dependent double Beltrami states in the viscous and resistive Hall MHD equations, exploring their exact form and stability properties.",2025-04-10 10:24:39+00:00,http://arxiv.org/abs/2504.07629v1
2602.08450v1,"['Stefan Ivić', 'Luka Lanča', 'Karlo Jakac', 'Ante Sikirica', 'Stella Dumenčić', 'Matej Mališa', 'Zvonimir Mrle', 'Bojan Crnković']",2026-02-09 10:01:53+00:00,https://arxiv.org/pdf/2602.08450v1,Robotics,"['Robotics', 'Optimization and Control']",UAV-Supported Maritime Search System: Experience from Valun Bay Field Trials,"This paper presents the integration of flow field reconstruction, dynamic probabilistic modeling, search control, and machine vision detection in a system for autonomous maritime search operations. Field experiments conducted in Valun Bay (Cres Island, Croatia) involved real-time drifter data acquisition, surrogate flow model fitting based on computational fluid dynamics and numerical optimization, advanced multi-UAV search control and vision sensing, as well as deep learning-based object detection. The results demonstrate that a tightly coupled approach enables reliable detection of floating targets under realistic uncertainties and complex environmental conditions, providing concrete insights for future autonomous maritime search and rescue applications.",2026-02-09 10:01:53+00:00,http://arxiv.org/abs/2602.08450v1
2412.10017v1,"['Petr Girg', 'Lukáš Kotrla', 'Anežka Švandová']",2024-12-13 09:58:53+00:00,https://arxiv.org/pdf/2412.10017v1,Analysis of PDEs,"['Analysis of PDEs', 'Mathematical Physics']",The p-Laplacian: phenomenological modelling of the flow in porous media and CFD simulations,"The aim of this paper is to discuss several aspects of connections between the p-Laplacian and mathematical models in hydrology. At first we present models of groundwater flow in phreatic aquifers and models of irrigation and drainage that lead to quasilinear parabolic equations involving the p-Laplacian. Next, we survey conditions of validity of Strong Maximum Principle and Strong Comparison Principle for this type of problems. Finally, we employ computer fluid dynamics simulations to realistic scenario of fracture networks to estimate values of the parameters of constitutive laws governing groundwater flow in the context of fractured hard-rock aquifers.",2024-12-13 09:58:53+00:00,http://arxiv.org/abs/2412.10017v1
2501.06198v1,"['Rômulo Damasclin Chaves dos Santos', 'Jorge Henrique de Oliveira Sales']",2024-12-27 05:13:53+00:00,https://arxiv.org/pdf/2501.06198v1,General Mathematics,['General Mathematics'],Generalized Lagrangian Coherent Structures in Finsler Manifolds,"This paper introduces a novel theoretical framework for identifying Lagrangian Coherent Structures (LCS) in manifolds with non-constant curvature, extending the theory to Finsler manifolds. By leveraging Riemannian and Finsler geometry, we generalize the deformation tensor to account for geodesic stretching in these complex spaces. The main result demonstrates the existence of invariant surfaces acting as LCS, characterized by dominant eigenvalues of the generalized deformation tensor. We discuss potential applications in astrophysics, relativistic fluid dynamics, and planetary science. This work paves the way for exploring LCS in intricate geometrical settings, offering new tools for dynamical system analysis.",2024-12-27 05:13:53+00:00,http://arxiv.org/abs/2501.06198v1
2303.07176v1,['Neelakantan Padmanabhan'],2023-03-13 15:17:55+00:00,https://arxiv.org/pdf/2303.07176v1,Numerical Analysis,"['Numerical Analysis', 'Mathematical Physics']",Reduced order model of a convection-diffusion equation using Proper Orthogonal Decomposition,"In this work, a numerical simulation of 1D Burgers' equation is developed using finite difference method and a reduced order model (ROM) of the simulation is developed using proper orthogonal decomposition (POD). The objective of this work is to provide an introduction of the POD method to researchers interested in computational fluid dynamics (CFD). This work discusses a physical interpretation of the POD method, its strengths and shortcomings and an implementation of the algorithm that may be extended to 2D, 3D Burgers' equation and other non-linear partial differential equations (PDE) of this class, to develop models for more complex systems.",2023-03-13 15:17:55+00:00,http://arxiv.org/abs/2303.07176v1
2411.12443v1,"['Tao Yu', 'Tailong Jin', 'Yanfeng Shen', 'Lei Zhang']",2024-11-19 12:05:41+00:00,https://arxiv.org/pdf/2411.12443v1,Numerical Analysis,['Numerical Analysis'],Local interaction simulation approach for the acoustic wave equation with perfectly matched layer,"Simulation of the acoustic wave equation plays an important role in various applications, including audio engineering, medical imaging, and fluid dynamics. However, the complexity of the propagation medium can pose challenges, such as the infinite computing region and the interface conditions between different media. In this paper, we construct a method for simulating acoustic wave propagation based on the local interaction simulation approach (LISA) and the perfectly matched layer (PML). This method can simulate wave propagation in a finite computing region and overcome the smoothing process at the interface between different media. Numerical examples demonstrate the effectiveness of this approach.",2024-11-19 12:05:41+00:00,http://arxiv.org/abs/2411.12443v1
2504.00335v1,"['Renato Calleja', 'Alex Haro', 'Pedro Porras']",2025-04-01 01:32:39+00:00,https://arxiv.org/pdf/2504.00335v1,Dynamical Systems,['Dynamical Systems'],Constructive QP-Time-dependent KAM Algorithm for Lagrangian Tori,"In this paper, we present an algorithm to computea fiberwise Lagrangian torus in quasi-periodic (QP) Hamiltonian systems, whose convergence is proved in the [CHP25]. We exhibit the algorithm with two models. The first is a Tokamak model [CVC+05, VL21], which proposes a control method to create barriers to the diffusion of magnetic field lines through a small modification in the magnetic perturbation. The second model [dCN00], known as the vorticity defect model, describes the nonlinear evolution of localized vorticity perturbations in a constant vorticity flow. This model was originally derived in the context of plasma physics and fluid dynamics.",2025-04-01 01:32:39+00:00,http://arxiv.org/abs/2504.00335v1
2304.00587v1,"['Rinaldo M. Colombo', 'Graziano Guerra', 'Yannick Holle']",2023-04-02 18:04:23+00:00,https://arxiv.org/pdf/2304.00587v1,Analysis of PDEs,['Analysis of PDEs'],Well Posedness and Characterization of Solutions to Non Conservative Products in Non Homogeneous Fluid Dynamics Equations,"Consider a balance law where the flux depends explicitly on the space variable. At jump discontinuities, modeling considerations may impose the defect in the conservation of some quantities, thus leading to non conservative products. Below, we deduce the evolution in the smooth case from the jump conditions at discontinuities. Moreover, the resulting framework enjoys well posedness and solutions are uniquely characterized. These results apply, for instance, to the flow of water in a canal with varying width and depth, as well as to the inviscid Euler equations in pipes with varying geometry.",2023-04-02 18:04:23+00:00,http://arxiv.org/abs/2304.00587v1
2305.15661v2,"['Marzieh Alireza Mirhoseini', 'Matthew J. Zahr']",2023-09-13 10:17:02+00:00,https://arxiv.org/pdf/2305.15661v2,Numerical Analysis,"['Numerical Analysis', 'Optimization and Control']",Accelerated solutions of convection-dominated partial differential equations using implicit feature tracking and empirical quadrature,This work introduces an empirical quadrature-based hyperreduction procedure and greedy training algorithm to effectively reduce the computational cost of solving convection-dominated problems with limited training. The proposed approach circumvents the slowly decaying $n$-width limitation of linear model reduction techniques applied to convection-dominated problems by using a nonlinear approximation manifold systematically defined by composing a low-dimensional affine space with bijections of the underlying domain. The reduced-order model is defined as the solution of a residual minimization problem over the nonlinear manifold. An online-efficient method is obtained by using empirical quadrature to approximate the optimality system such that it can be solved with mesh-independent operations. The proposed reduced-order model is trained using a greedy procedure to systematically sample the parameter domain. The effectiveness of the proposed approach is demonstrated on two shock-dominated computational fluid dynamics benchmarks.,2023-05-25 02:14:19+00:00,http://arxiv.org/abs/2305.15661v2
2601.13293v1,"['Michael Hinze', 'Christian Kahle', 'John Sebastian H. Simon']",2026-01-19 18:46:52+00:00,https://arxiv.org/pdf/2601.13293v1,Optimization and Control,"['Optimization and Control', 'Analysis of PDEs']",Long-time behavior of solutions to fluid dynamic shape optimization problems via phase-field method,"We investigate the long time behavior of solutions to a shape and topology optimization problem with respect to the time-dependent Navier--Stokes equations. The sought topology is represented by a stationary phase-field that represents a smooth indicator function. The fluid equations are approximated by a porous media approach and are time-dependent. In the latter aspect, the considered problem formulation extends earlier work.
  We prove that if the time horizon tends to infinity, minima of the time-dependent problem converge towards minima of the corresponding stationary problem. To do so, a convergence rate with respect to the time horizon, of the values of the objective functional, is analytically derived. This allowed us to prove that the solution to the time-dependent problem converges to a phase-field, as the time horizon goes to infinity, which is proven to be a minimizer for the stationary problem. We validate our results by numerical investigation.",2026-01-19 18:46:52+00:00,http://arxiv.org/abs/2601.13293v1
2403.05144v2,"['Daniel Doehring', 'Michael Schlottke-Lakemper', 'Gregor J. Gassner', 'Manuel Torrilhon']",2024-06-27 08:43:41+00:00,https://arxiv.org/pdf/2403.05144v2,Numerical Analysis,"['Numerical Analysis', 'Mathematical Physics']",Multirate Time-Integration based on Dynamic ODE Partitioning through Adaptively Refined Meshes for Compressible Fluid Dynamics,"In this paper, we apply the Paired-Explicit Runge-Kutta (P-ERK) schemes by Vermeire et. al. (2019, 2022) to dynamically partitioned systems arising from adaptive mesh refinement. The P-ERK schemes enable multirate time-integration with no changes in the spatial discretization methodology, making them readily implementable in existing codes that employ a method-of-lines approach.
  We show that speedup compared to a range of state of the art Runge-Kutta methods can be realized, despite additional overhead due to the dynamic re-assignment of flagging variables and restricting nonlinear stability properties. The effectiveness of the approach is demonstrated for a range of simulation setups for viscous and inviscid convection-dominated compressible flows for which we provide a reproducibility repository.
  In addition, we perform a thorough investigation of the nonlinear stability properties of the Paired-Explicit Runge-Kutta schemes regarding limitations due to the violation of monotonicity properties of the underlying spatial discretization. Furthermore, we present a novel approach for estimating the relevant eigenvalues of large Jacobians required for the optimization of stability polynomials.",2024-03-08 08:27:43+00:00,http://arxiv.org/abs/2403.05144v2
2504.00242v1,"['Jochen Bröcker', 'Giulia Carigi', 'Tobias Kuna', 'Vincent R. Martinez']",2025-03-31 21:24:18+00:00,https://arxiv.org/pdf/2504.00242v1,Optimization and Control,"['Optimization and Control', 'Analysis of PDEs']",Reconstruction of wide spectrum forcing in transport-diffusion and Navier-Stokes equations,"This article considers the problem of reconstructing unknown driving forces based on incomplete knowledge of the system and its state. This is studied in both a linear and nonlinear setting that is paradigmatic in geophysical fluid dynamics and various applications. Two algorithms are proposed to address this problem: one that iteratively reconstructs forcing and another that provides a continuous-time reconstruction. Convergence is shown to be guaranteed provided that observational resolution is sufficiently high and algorithmic parameters are properly tuned according to the prior information; these conditions are quantified precisely. The class of reconstructable forces identified here include those which are time-dependent and potentially inject energy at all length scales. This significantly expands upon the class of forces in previous studies, which could only accommodate those with band-limited spectra. The second algorithm moreover provides a conceptually streamlined approach that allows for a more straightforward analysis and simplified practical implementation.",2025-03-31 21:24:18+00:00,http://arxiv.org/abs/2504.00242v1
2405.11709v1,"['Peter Howard', 'Adam Larios', 'Quyuan Lin']",2024-05-20 00:59:08+00:00,https://arxiv.org/pdf/2405.11709v1,Analysis of PDEs,['Analysis of PDEs'],Comparison of Coarsening Dynamics for the Cahn--Hilliard and Burgers--Cahn--Hilliard Equations,"We consider coarsening dynamics associated with a Burgers--Cahn--Hilliard system modeling a two-phase flow in one space dimension. Our emphasis is on the effect that coupling between the phase and fluid dynamics has on coarsening rates, and on the mechanisms driving this effect. We start with a detailed examination of coarsening dynamics for the uncoupled Cahn--Hilliard equation, comparing numerically generated rates with two analytic methods, and then we consider how these dynamics are affected by appropriate coupling with a viscous Burgers equation. In order to keep the analysis as self-contained as possible, we establish the global well-posedness of the system under consideration.",2024-05-20 00:59:08+00:00,http://arxiv.org/abs/2405.11709v1
2501.05380v1,"['Sanidhay Bhambay', 'Thirupathaiah Vasantam', 'Neil Walton']",2025-01-09 17:08:01+00:00,https://arxiv.org/pdf/2501.05380v1,Quantum Physics,"['Quantum Physics', 'Networking and Internet Architecture', 'Performance', 'Probability']",Optimal Scheduling in a Quantum Switch,"With a growing number of quantum networks in operation, there is a pressing need for performance analysis of quantum switching technologies. A quantum switch establishes, distributes, and maintains entanglements across a network. In contrast to a classical switching fabric, a quantum switch is a two sided queueing network. The switch generates Link Level Entanglements (LLEs), which are then fused to process the networks entanglement requests. Our proof techniques analyse a two time scale separation phenomenon at the fluid scale for a general switch topology. This allows us to demonstrate that the optimal fluid dynamics are given by a scheduling algorithm that solves a certain average reward Markov Decision Process.",2025-01-09 17:08:01+00:00,http://arxiv.org/abs/2501.05380v1
2402.16803v4,"['Isabella Carla Gonnella', 'Moaad Khamlich', 'Federico Pichi', 'Gianluigi Rozza']",2026-02-16 15:42:01+00:00,https://arxiv.org/pdf/2402.16803v4,Numerical Analysis,"['Numerical Analysis', 'Analysis of PDEs', 'Probability']",A stochastic perturbation approach to nonlinear bifurcating problems,"Incorporating probabilistic terms in mathematical models is crucial for capturing and quantifying uncertainties in real-world systems, especially when the solution is not unique or exhibits sudden qualitative changes as parameters vary. However, stochastic models typically require large computational resources to produce meaningful statistics. In this work, we leverage the Polynomial Chaos (PC) expansion to propose a systematic approach for bifurcation detection in parametric systems of equations. We show that the method, exploiting a perturbed version of the deterministic model, avoids repeated costly simulations across multiple parameter values and requires no prior information for initializing numerical solvers, while still providing accurate characterization of the bifurcation branches. We argue that the PC solutions of the perturbed model not only provide access to statistical information about the deterministic branches, but also approximate these branches in a meaningful sense. Finally, we validate our claims by means of numerical tests on the pitchfork bifurcation, examining both its normal form and a classical realization in fluid-dynamics PDEs, namely the Coanda effect.",2024-02-26 18:24:22+00:00,http://arxiv.org/abs/2402.16803v4
2311.04439v1,"['Aythami Bethencourt de León', 'So Takao']",2023-11-08 03:35:01+00:00,https://arxiv.org/pdf/2311.04439v1,Probability,['Probability'],A Geometric Extension of the Itô-Wentzell and Kunita's Formulas,"We extend the Itô-Wentzell formula for the evolution along a continuous semimartingale of a time-dependent stochastic field driven by a continuous semimartingale to tensor field-valued stochastic processes on manifolds. More concretely, we investigate how the pull-back (respectively, the push-forward) by a stochastic flow of diffeomorphisms of a time-dependent stochastic tensor field driven by a continuous semimartingale evolves with time, deriving it under suitable regularity conditions. We call this result the Kunita-Itô-Wentzell (KIW) formula for the advection of tensor-valued stochastic processes. Equations of this nature bear significance in stochastic fluid dynamics and well-posedness by noise problems, facilitating the development of certain geometric extensions within existing theories.",2023-11-08 03:35:01+00:00,http://arxiv.org/abs/2311.04439v1
2304.14883v3,"['Tobias Long', 'Robert Barnett', 'Richard Jefferson-Loveday', 'Giovanni Stabile', 'Matteo Icardi']",2025-01-02 08:41:13+00:00,https://arxiv.org/pdf/2304.14883v3,Numerical Analysis,['Numerical Analysis'],A reduced-order model for advection-dominated problems based on Radon Cumulative Distribution Transform,"Problems with dominant advection, discontinuities, travelling features, or shape variations are widespread in computational mechanics. However, classical linear model reduction and interpolation methods typically fail to reproduce even relatively small parameter variations, making the reduced models inefficient and inaccurate. This work proposes a model order reduction approach based on the Radon-Cumulative-Distribution transform (RCDT). We demonstrate numerically that this non-linear transformation can overcome some limitations of standard proper orthogonal decomposition (POD) reconstructions and is capable of interpolating accurately some advection-dominated phenomena, although it may introduce artefacts due to the discrete forward and inverse transform. The method is tested on various test cases coming from both manufactured examples and fluid dynamics problems.",2023-04-28 14:44:43+00:00,http://arxiv.org/abs/2304.14883v3
2601.11922v1,"['Edward L. Yang', 'Roy Y. He']",2026-01-17 05:56:58+00:00,https://arxiv.org/pdf/2601.11922v1,Numerical Analysis,"['Numerical Analysis', 'Mathematical Physics']",Phase-IDENT: Identification of Two-phase PDEs with Uncertainty Quantification,"We propose a novel method, Phase-IDENT, for identifying partial differential equations (PDEs) from noisy observations of dynamical systems that exhibit phase transitions. Such phenomena are prevalent in fluid dynamics and materials science, where they can be modeled mathematically as functions satisfying different PDEs within distinct regions separated by phase boundaries. Our approach simultaneously identifies the underlying PDEs in each regime and accurately reconstructs the phase boundaries. Furthermore, by incorporating change point detection techniques, we provide uncertainty quantification for the detected boundaries, enhancing the interpretability and robustness of our method. We conduct numerical experiments on a variety of two-phase PDE systems under different noise levels, and the results demonstrate the effectiveness of the proposed approach.",2026-01-17 05:56:58+00:00,http://arxiv.org/abs/2601.11922v1
2401.09305v3,"['Geng Chen', 'Moon-Jin Kang', 'Alexis F. Vasseur']",2025-09-10 15:54:44+00:00,https://arxiv.org/pdf/2401.09305v3,Analysis of PDEs,['Analysis of PDEs'],From Navier-Stokes to BV solutions of the barotropic Euler equations,"In the realm of mathematical fluid dynamics, a formidable challenge lies in establishing inviscid limits from the Navier-Stokes equations to the Euler equations, wherein physically admissible solutions can be discerned. The pursuit of solving this intricate problem, particularly concerning singular solutions, persists in both compressible and incompressible scenarios.
  This article focuses on small $BV$ solutions to the barotropic Euler equation in one spatial dimension. Our investigation demonstrates that these solutions are inviscid limits for solutions to the associated compressible Navier-Stokes equation. Moreover, we extend our findings by establishing the well-posedness of such solutions within the broader class of inviscid limits of Navier-Stokes equations with locally bounded energy initial values.",2024-01-17 16:15:54+00:00,http://arxiv.org/abs/2401.09305v3
2312.01702v1,"['Quentin Pikeroen', 'Amaury Barral', 'Guillaume Costa', 'Ciro Campolina', 'Alexei Mailybaev', 'Berengere Dubrulle']",2023-12-04 07:46:30+00:00,https://arxiv.org/pdf/2312.01702v1,Analysis of PDEs,"['Analysis of PDEs', 'Fluid Dynamics']",Tracking complex singularities of fluids on log-lattices,"In 1981, Frisch and Morf [1] postulated the existence of complex singularities in solutions of Navier-Stokes equations. Present progress on this conjecture is hindered by the computational burden involved in simulations of the Euler equations or the Navier-Stokes equations at high Reynolds numbers. We investigate this conjecture in the case of fluid dynamics on log-lattices, where the computational burden is logarithmic concerning ordinary fluid simulations. We analyze properties of potential complex singularities in both 1D and 3D models for lattices of different spacings. Dominant complex singularities are tracked using the singularity strip method to obtain new scalings regarding the approach to the real axis and the influence of normal, hypo and hyper dissipation.",2023-12-04 07:46:30+00:00,http://arxiv.org/abs/2312.01702v1
2509.00004v1,"['Marcos A. Hernandez-Ortega', 'C. M. Rergis', 'A. Roman-Messina', 'Erlan R. Murillo-Aguirre']",2025-08-07 23:55:32+00:00,https://arxiv.org/pdf/2509.00004v1,Optimization and Control,['Optimization and Control'],Carleman Linearization of Differential-Algebraic Equations Systems,"Carleman linearization is a mathematical technique that transforms nonlinear dynamical systems into infinite-dimensional linear systems, enabling simplified analysis. Initially developed for ordinary differential equations (ODEs) and later extended to partial differential equations (PDEs), it has found applications in control theory, biological systems, fluid dynamics, quantum mechanics, finance, and machine learning. This paper extends Carleman linearization to differential-algebraic equation (DAE) systems by introducing auxiliary functions and projecting the resulting system onto a higher-order ODE representation. Theoretical foundations are presented along with conditions under which the transformation is valid. The method is demonstrated on synthetic DAE examples, highlighting its effectiveness even when projection from algebraic variables to state variables is nontrivial or undefined.",2025-08-07 23:55:32+00:00,http://arxiv.org/abs/2509.00004v1
2404.01919v1,"['Žiga Vaupotič', 'Miha Rot', 'Gregor Kosec']",2024-04-02 13:14:32+00:00,https://arxiv.org/pdf/2404.01919v1,Fluid Dynamics,"['Fluid Dynamics', 'Numerical Analysis', 'Computational Physics']",Hyperviscosity stabilisation of the RBF-FD solution to natural convection,"The numerical stability of fluid flow is an important topic in computational fluid dynamics as fluid flow simulations usually become numerically unstable in the turbulent regime. Many mesh-based methods have already established numerical dissipation procedures that dampen the effects of the unstable advection term. When it comes to meshless methods, the prominent stabilisation scheme is hyperviscosity. It introduces numerical dissipation in the form of a higher-order Laplacian operator. Many papers have already discussed the general effects of hyperviscosity and its parameters. However, hyperviscosity in flow problems has not yet been analyzed in depth. In this paper, we discuss the effects of hyperviscosity on natural convection flow problems as we approach the turbulent regime.",2024-04-02 13:14:32+00:00,http://arxiv.org/abs/2404.01919v1
2601.12229v1,"['David Henry', 'Rossen I. Ivanov', 'Zisis N. Sakellaris']",2026-01-18 02:49:08+00:00,https://arxiv.org/pdf/2601.12229v1,Fluid Dynamics,"['Fluid Dynamics', 'Dynamical Systems']",Rotational flow underlying coupled surface and internal waves. I: Eulerian perspective,"In this paper we examine the flow generated by coupled surface and internal small-amplitude water waves in a two-fluid layer model, where we take the upper layer to be rotational (constant vorticity) and the lower layer to be irrotational. The presence of vorticity greatly complicates the underlying analysis, yet it generates a rich array of otherwise unobservable phenomena such as the presence of critical layers, and stagnation points, in the fluid interior. We employ a phase-plane analysis to elucidate the qualitative behaviour of streamlines for a range of different coupled-wave, and vorticity, regimes. Although the water waves considered are linear in the fluid dynamics sense, the dynamical systems which govern their motion are nonlinear.",2026-01-18 02:49:08+00:00,http://arxiv.org/abs/2601.12229v1
2308.08019v1,"['Zhongmin Qian', 'Zihao Shen']",2023-08-15 20:24:01+00:00,https://arxiv.org/pdf/2308.08019v1,Analysis of PDEs,"['Analysis of PDEs', 'Mathematical Physics', 'Fluid Dynamics']","On vorticity and expansion-rate of fluid flows, conditional law duality and their representations","By using a formulation of motion equations for a viscous (compressible) fluid flow in terms of the vorticity and the rate of expansion as the main fluid dynamical variables, an approximation model is established for compressible flows with slowly varied (over the space) fluid density. The probabilistic tools and the main ingredient such as the duality of conditional laws and the forward type Feynman-Kac formula are established for elliptic operators of second order, in order to formulate the corresponding random vortex method for a class of viscous compressible fluid flows, based on their approximation motion equations.",2023-08-15 20:24:01+00:00,http://arxiv.org/abs/2308.08019v1
2401.16053v1,"['Narjisse Amahjour', 'Guillermo Garcia-Sanchez', 'Makrina Agaoglou', 'Ana Maria Mancho']",2024-01-29 11:02:44+00:00,https://arxiv.org/pdf/2401.16053v1,Fluid Dynamics,"['Fluid Dynamics', 'Dynamical Systems']",Analysis of the spread of SARS-CoV-2 in a hospital isolation room using CFD and Lagrangian Coherent Structures,"This research paper presents an analysis of the propagation of the SARS-CoV-2, or other similar pathogens, in a hospital isolation room using computational fluid dynamics (CFD) and Lagrangian Coherent Structures (LCS). The study investigates the airflow dispersion and droplets in the room under air conditioning vent and sanitizer conditions. The CFD simulation results show that both the air conditioner and sanitizer systems significantly influence the dispersion of the virus in the room. The use of LCS enables acquiring a deep understanding of the dispersion of suspended particles, providing insights into the mechanisms of virus transmission. The findings of this study could help in developing strategies for improving the design and operation of isolation rooms to minimize the likelihood of virus dissemination within hospitals.",2024-01-29 11:02:44+00:00,http://arxiv.org/abs/2401.16053v1
2508.03382v1,"['Dmitrii Legatiuk', 'Heikki Orelma']",2025-08-05 12:30:28+00:00,https://arxiv.org/pdf/2508.03382v1,Complex Variables,"['Complex Variables', 'Mathematical Physics']",Three-dimensional analogues of the Blasius-Chaplygin formulas,"The classical Blasius--Chaplygin formula provides an elegant method for calculating the lift force on a two-dimensional body in steady, irrotational flow. The key ingredient is the definition of a complex-valued potential function \begin{equation*} f(z) = \varphi(x, y) + \mathbf{i}ψ(x, y), \end{equation*} which can then be integrated using Cauchy's theorem along any closed contour surrounding the body. In this paper, we propose a three-dimensional extension of the classical Blasius--Chaplygin formula using quaternionic analysis. After presenting the basics of quaternionic analysis, we discuss how \emph{monogenic functions} -- the quaternionic analog of classical holomorphic functions -- can be used to describe problems in fluid dynamics. Finally, we present the Blasius--Chaplygin formula in quaternionic form.",2025-08-05 12:30:28+00:00,http://arxiv.org/abs/2508.03382v1
2410.23653v1,"['Ting Sun', 'Yanjin Wang']",2024-10-31 05:56:14+00:00,https://arxiv.org/pdf/2410.23653v1,Analysis of PDEs,['Analysis of PDEs'],Global Well-posedness of Compressible Viscous Surface Waves without Surface Tension,"We consider the free boundary problem for a layer of compressible viscous barotropic fluid lying above a fixed rigid bottom and below the atmosphere of positive constant pressure. The fluid dynamics is governed by the compressible Navier--Stokes equations with gravity, and the effect of surface tension is neglected on the upper free boundary. We prove the global well-posedness of the reformulated problem in flattening coordinates near the equilibrium in both two and three dimensions without any low frequency assumption of the initial data. The key ingredients here are the new control of the {\it Eulerian spatial derivatives} of the solution, which benefits a crucial nonlinear cancellation of the highest order spatial regularity of the free boundary, and the time weighted energy estimates.",2024-10-31 05:56:14+00:00,http://arxiv.org/abs/2410.23653v1
2509.08071v1,"['Engin Danis', 'Duc Truong', 'Kim Ø. Rasmussen§', 'Boian S. Alexandrov']",2025-09-09 18:18:56+00:00,https://arxiv.org/pdf/2509.08071v1,Numerical Analysis,['Numerical Analysis'],Tensor-Train Operator Inference,"In this study, we present a tensor--train framework for nonintrusive operator inference aimed at learning discrete operators and using them to predict solutions of physical governing equations. Our framework comprises three approaches: full--order tensor--train operator inference, full--order quantized tensor--train operator inference, and reduced--order tensor--train operator inference. In each case, snapshot data is represented in tensor--train format--either through compression or cross interpolation--enabling the efficient handling of extremely large datasets with significantly reduced computational effort compared to standard methods. The effectiveness of each approach is demonstrated through numerical experiments related to Computational Fluid Dynamics and benchmarked against the standard reduced--order operator inference method, highlighting the advantages of the tensor--train representations in both accuracy and scalability.",2025-09-09 18:18:56+00:00,http://arxiv.org/abs/2509.08071v1
2502.04982v2,"['Lucio Galeati', 'James-Michael Leahy', 'Torstein Nilssen']",2025-02-17 09:22:02+00:00,https://arxiv.org/pdf/2502.04982v2,Analysis of PDEs,"['Analysis of PDEs', 'Probability']",On the well-posedness of (nonlinear) rough continuity equations,"Motivated by applications to fluid dynamics, we study rough differential equations (RDEs) and rough partial differential equations (RPDEs) with non-Lipschitz drifts. We prove well-posedness and existence of a flow for RDEs with Osgood drifts, as well as well-posedness of weak $L^p$-valued solutions to linear rough continuity and transport equations on $\mathbb{R}^d$ under DiPerna--Lions regularity conditions; a combination of the two then yields flow representation formula for linear RPDEs. We apply these results to obtain existence, uniqueness and continuous dependence for $L^1\cap L^\infty$-valued solutions to a general class of nonlinear continuity equations. In particular, our framework covers the $2$D Euler equations in vorticity form with rough transport noise, providing a rough analogue of Yudovich's theorem. As a consequence, we construct an associated continuous random dynamical system, when the driving noise is a fractional Brownian motion with Hurst parameter $H \in (1/3,1)$. We further prove weak existence of solutions for initial vorticities in $L^1\cap L^p$, for any $p\in [1,\infty)$.",2025-02-07 15:00:04+00:00,http://arxiv.org/abs/2502.04982v2
2507.08812v1,['Zachary Mullaghy'],2025-06-26 00:33:15+00:00,https://arxiv.org/pdf/2507.08812v1,Analysis of PDEs,"['Analysis of PDEs', 'Numerical Analysis']",The Divergence-Free Radiant Transform,"This paper presents the rigorous mathematical construction and foundational properties of the Divergence-Free Radiant Transform (DFRT), a spectral transform specifically designed for divergence-free vector fields, with applications in incompressible fluid dynamics and other solenoidal systems. The DFRT basis functions are constructed using a curl-based formulation that ensures the divergence-free condition is satisfied identically. We define the forward and inverse transforms, prove the Parseval identity, and establish the completeness of the basis. The DFRT coefficient space is equipped with an algebraic structure via a spectral coboundary operator, defined using Wigner 3j and 6j symbols to encode angular momentum coupling. This cohomological structure, and its connection to the Geometric Refinement Transform (GRT), is developed in a companion paper using a bigraded cohomology framework. We derive a modal evolution equation for the incompressible Navier-Stokes equations in DFRT coordinates and introduce a persistent regularity class based on cohomological constraints. Finally, we present a variational argument showing that an entropy-maximizing energy distribution leads to exponential decay, offering a new perspective on regularity and singularity prevention in incompressible flows.",2025-06-26 00:33:15+00:00,http://arxiv.org/abs/2507.08812v1
2508.11216v1,"['Han Zhang', 'Xue-Cheng Tai', 'Jean-Michel Morel', 'Raymond H. Chan']",2025-08-15 04:49:07+00:00,https://arxiv.org/pdf/2508.11216v1,Numerical Analysis,"['Numerical Analysis', 'Computer Vision and Pattern Recognition']",Fluid Dynamics and Domain Reconstruction from Noisy Flow Images Using Physics-Informed Neural Networks and Quasi-Conformal Mapping,"Blood flow imaging provides important information for hemodynamic behavior within the vascular system and plays an essential role in medical diagnosis and treatment planning. However, obtaining high-quality flow images remains a significant challenge. In this work, we address the problem of denoising flow images that may suffer from artifacts due to short acquisition times or device-induced errors. We formulate this task as an optimization problem, where the objective is to minimize the discrepancy between the modeled velocity field, constrained to satisfy the Navier-Stokes equations, and the observed noisy velocity data. To solve this problem, we decompose it into two subproblems: a fluid subproblem and a geometry subproblem. The fluid subproblem leverages a Physics-Informed Neural Network to reconstruct the velocity field from noisy observations, assuming a fixed domain. The geometry subproblem aims to infer the underlying flow region by optimizing a quasi-conformal mapping that deforms a reference domain. These two subproblems are solved in an alternating Gauss-Seidel fashion, iteratively refining both the velocity field and the domain. Upon convergence, the framework yields a high-quality reconstruction of the flow image. We validate the proposed method through experiments on synthetic flow data in a converging channel geometry under varying levels of Gaussian noise, and on real-like flow data in an aortic geometry with signal-dependent noise. The results demonstrate the effectiveness and robustness of the approach. Additionally, ablation studies are conducted to assess the influence of key hyperparameters.",2025-08-15 04:49:07+00:00,http://arxiv.org/abs/2508.11216v1
2511.13321v1,"['Liu Liu', 'Xueyu Zhu', 'Zhenyi Zhu']",2025-11-17 12:58:31+00:00,https://arxiv.org/pdf/2511.13321v1,Numerical Analysis,['Numerical Analysis'],A Bi-fidelity based asymptotic-preserving neural network for the semiconductor Boltzmann equation and its inverse problem,"This paper introduces a Bi-fidelity Asymptotic-Preserving Neural Network (BI-APNNs) framework, designed to efficiently solve forward and inverse problems for the semiconductor Boltzmann equation. Our approach builds upon the Asymptotic-Preserving Neural Network (APNNs) methodology \cite{APNN-transport}, which employs a micro-macro decomposition to handle the model's multiscale nature. We specifically address a key bottleneck in the original APNNs: the slow convergence of the macroscopic density $ρ$ in the near fluid-dynamic regime, i.e., for small Knudsen numbers $\varepsilon$. The core innovation of BI-APNNs is a novel bi-fidelity decomposition of the macroscopic quantity $ρ$, which accurately approximates the true density at small $\varepsilon$, and can be efficiently pre-trained. A separate and more compact neural network is then tasked with learning only the minor correction term, $ρ_{\text{corr}}$. This strategy not only significantly {\it accelerates} the training convergence but also improves the accuracy of the forward problem solution, particularly in the challenging fluid-dynamic limit. Meanwhile, we demonstrate through extensive numerical experiments that our new BI-APNNs yields substantially more accurate and robust results for inverse problems compared to the standard APNNs. Validated on both the semiconductor Boltzmann and the Boltzmann-Poisson systems, our work shows that the bi-fidelity formulation is a powerful enhancement for tackling multiscale kinetic equations, especially when dealing with inverse problems constrained by partial observation data.",2025-11-17 12:58:31+00:00,http://arxiv.org/abs/2511.13321v1
2503.15994v3,"['Nicholas Mueller', 'Santiago Badia']",2025-09-18 23:01:10+00:00,https://arxiv.org/pdf/2503.15994v3,Numerical Analysis,['Numerical Analysis'],GridapROMs.jl: Efficient reduced order modelling in the Julia programming language,"In this paper, we introduce GridapROMs, a Julia-based library for the numerical approximation of parameterized partial differential equations (PDEs) using a comprehensive suite of linear reduced order models (ROMs). The library is designed to be extendable and productive, leveraging an expressive high-level API built on the Gridap PDE solver backend, while achieving high performance through Julia's just-in-time compiler and advanced lazy evaluation techniques. GridapROMs is PDE-agnostic, enabling its application to a wide range of problems, including linear, nonlinear, single-field, multi-field, steady, and unsteady equations. This work details the library's key innovations, implementation principles, and core components, providing usage examples and demonstrating its capabilities by solving a fluid dynamics problem modeled by the Navier-Stokes equations in a 3D geometry.",2025-03-20 09:56:24+00:00,http://arxiv.org/abs/2503.15994v3
2412.04480v3,"['Yubin Lu', 'Xiaofan Li', 'Chun Liu', 'Qi Tang', 'Yiwei Wang']",2026-02-10 02:31:52+00:00,https://arxiv.org/pdf/2412.04480v3,Computational Physics,"['Computational Physics', 'Dynamical Systems']",Learning Generalized Diffusions using an Energetic Variational Approach,"Extracting governing physical laws from computational or experimental data is crucial across various fields such as fluid dynamics and plasma physics. Many of those physical laws are dissipative due to fluid viscosity or plasma collisions. For such a dissipative physical system, we propose a framework to learn the corresponding laws of the systems based on their energy-dissipation laws, assuming either continuous data (probability density) or discrete data (particles) are available. Our methods offer several key advantages, including their robustness to corrupted/noisy observations, their easy extension to more complex physical systems, and the potential to address higher-dimensional systems. We validate our approaches through representative numerical examples and carefully investigate the impacts of data quantity and data property on model discovery.",2024-11-20 03:57:23+00:00,http://arxiv.org/abs/2412.04480v3
2305.02376v2,"['Ankit Kumar', 'Kush Kinra', 'Manil T. Mohan']",2024-04-20 13:04:02+00:00,https://arxiv.org/pdf/2305.02376v2,Probability,['Probability'],Wong-Zakai approximation for a class of SPDEs with fully local monotone coefficients and its application,"In this article, we establish the \textsl{Wong-Zakai approximation} result for a class of stochastic partial differential equations (SPDEs) with fully local monotone coefficients perturbed by a multiplicative Wiener noise. This class of SPDEs encompasses various fluid dynamic models and also includes quasi-linear SPDEs, the convection-diffusion equation, the Cahn-Hilliard equation, and the two-dimensional liquid crystal model. It has been established that the class of SPDEs in question is well-posed, however, the existence of a unique solution to the associated approximating system cannot be inferred from the solvability of the original system. We employ a Faedo-Galerkin approximation method, compactness arguments, and Prokhorov's and Skorokhod's representation theorems to ensure the existence of a \textsl{probabilistically weak solution} for the approximating system. Furthermore, we also demonstrate that the solution is pathwise unique. Moreover, the classical Yamada-Watanabe theorem allows us to conclude the existence of a \textsl{probabilistically strong solution} (analytically weak solution) for the approximating system. Subsequently, we establish the Wong-Zakai approximation result for a class of SPDEs with fully local monotone coefficients. We utilize the Wong-Zakai approximation to establish the topological support of the distribution of solutions to the SPDEs with fully local monotone coefficients. Finally, we explore the physically relevant stochastic fluid dynamics models that are covered by this work's functional framework.",2023-05-03 18:30:49+00:00,http://arxiv.org/abs/2305.02376v2
2411.00272v3,"['Cheng-Hau Yang', 'Guglielmo Scovazzi', 'Adarsh Krishnamurthy', 'Baskar Ganapathysubramanian']",2024-12-11 21:11:02+00:00,https://arxiv.org/pdf/2411.00272v3,Fluid Dynamics,"['Fluid Dynamics', 'Numerical Analysis']",Simulating incompressible flows over complex geometries using the shifted boundary method with incomplete adaptive octree meshes,"We extend the shifted boundary method (SBM) to the simulation of incompressible fluid flow using immersed octree meshes. Previous work on SBM for fluid flow primarily utilized two- or three-dimensional unstructured tetrahedral grids. Recently, octree grids have become an essential component of immersed CFD solvers, and this work addresses this gap and the associated computational challenges. We leverage an optimal (approximate) surrogate boundary constructed efficiently on incomplete and adaptive octree meshes. The resulting framework enables the simulation of the incompressible Navier-Stokes equations in complex geometries without requiring boundary-fitted grids. Simulations of benchmark tests in two and three dimensions demonstrate that the Octree-SBM framework is a robust, accurate, and efficient approach to simulating fluid dynamics problems with complex geometries.",2024-11-01 00:07:45+00:00,http://arxiv.org/abs/2411.00272v3
2508.12883v1,"['Elie Abdo', 'Quyuan Lin', 'Changhui Tan']",2025-08-18 12:35:09+00:00,https://arxiv.org/pdf/2508.12883v1,Analysis of PDEs,['Analysis of PDEs'],Well-posedness and ill-posedness of the primitive equations with fractional horizontal dissipation,"The primitive equations (PE) are a fundamental model in geophysical fluid dynamics. While the viscous PE are globally well-posed, their inviscid counterparts are known to be ill-posed.
  In this paper, we study the two-dimensional incompressible PE with fractional horizontal dissipation. We identify a sharp transition between local well-posedness and ill-posedness at the critical dissipation exponent $α= 1$. In the critical regime, this dichotomy exhibits a new phenomenon: the transition depends delicately on the balance between the size of the initial data and the viscosity coefficient. Our results precisely quantify the horizontal dissipation required to transition from inviscid instability to viscous regularity. We also establish a global well-posedness theory to the fractional PE, with sufficient dissipation $α\geq\frac65$.",2025-08-18 12:35:09+00:00,http://arxiv.org/abs/2508.12883v1
2303.03827v1,"['Xiaoqi Ma', 'Jin Zhang']",2023-03-07 11:52:55+00:00,https://arxiv.org/pdf/2303.03827v1,Numerical Analysis,['Numerical Analysis'],Supercloseness of the NIPG method for a singularly perturbed convection diffusion problem on Shishkin mesh in 2D,"As a popular stabilization technique, the nonsymmetric interior penalty Galerkin (NIPG) method has significant application value in computational fluid dynamics. In this paper, we study the NIPG method for a typical two-dimensional singularly perturbed convection diffusion problem on a Shishkin mesh. According to the characteristics of the solution, the mesh and numerical scheme, a new composite interpolation is introduced. In fact, this interpolation is composed of a vertices-edges-element interpolation within the layer and a local $L^{2}$-projection outside the layer. On the basis of that, by selecting penalty parameters on different types of interelement edges, we further obtain the supercloseness of almost $k+\frac{1}{2}$ order in an energy norm. Here $k$ is the degree of piecewise polynomials. Numerical tests support our theoretical conclusion.",2023-03-07 11:52:55+00:00,http://arxiv.org/abs/2303.03827v1
2302.10398v1,"['Yongsheng Chen', 'Wei Guo', 'Xinghui Zhong']",2023-02-21 02:10:52+00:00,https://arxiv.org/pdf/2302.10398v1,Numerical Analysis,['Numerical Analysis'],A learned conservative semi-Lagrangian finite volume scheme for transport simulations,"Semi-Lagrangian (SL) schemes are known as a major numerical tool for solving transport equations with many advantages and have been widely deployed in the fields of computational fluid dynamics, plasma physics modeling, numerical weather prediction, among others. In this work, we develop a novel machine learning-assisted approach to accelerate the conventional SL finite volume (FV) schemes. The proposed scheme avoids the expensive tracking of upstream cells but attempts to learn the SL discretization from the data by incorporating specific inductive biases in the neural network, significantly simplifying the algorithm implementation and leading to improved efficiency. In addition, the method delivers sharp shock transitions and a level of accuracy that would typically require a much finer grid with traditional transport solvers. Numerical tests demonstrate the effectiveness and efficiency of the proposed method.",2023-02-21 02:10:52+00:00,http://arxiv.org/abs/2302.10398v1
2405.18964v1,"['Bernhard Heinzelreiter', 'John W. Pearson']",2024-05-29 10:24:24+00:00,https://arxiv.org/pdf/2405.18964v1,Numerical Analysis,['Numerical Analysis'],Diagonalization-Based Parallel-in-Time Preconditioners for Instationary Fluid Flow Control Problems,"We derive a new parallel-in-time approach for solving large-scale optimization problems constrained by time-dependent partial differential equations arising from fluid dynamics. The solver involves the use of a block circulant approximation of the original matrices, enabling parallelization-in-time via the use of fast Fourier transforms, and we devise bespoke matrix approximations which may be applied within this framework. These make use of permutations, saddle-point approximations, commutator arguments, as well as inner solvers such as the Uzawa method, Chebyshev semi-iteration, and multigrid. Theoretical results underpin our strategy of applying a block circulant strategy, and numerical experiments demonstrate the effectiveness and robustness of our approach on Stokes and Oseen problems. Noteably, satisfying results for the strong and weak scaling of our methods are provided within a fully parallel architecture.",2024-05-29 10:24:24+00:00,http://arxiv.org/abs/2405.18964v1
2412.16353v1,"['Yekaterina Epshteyn', 'Akil Narayan', 'Yinqian Yu']",2024-12-20 21:27:36+00:00,https://arxiv.org/pdf/2412.16353v1,Numerical Analysis,['Numerical Analysis'],Energy Stable and Structure-Preserving Algorithms for the Stochastic Galerkin System of 2D Shallow Water Equations,"Shallow water equations (SWE) are fundamental nonlinear hyperbolic PDE-based models in fluid dynamics that are essential for studying a wide range of geophysical and engineering phenomena. Therefore, stable and accurate numerical methods for SWE are needed. Although some algorithms are well studied for deterministic SWE, more effort should be devoted to handling the SWE with uncertainty. In this paper, we incorporate uncertainty through a stochastic Galerkin (SG) framework, and building on an existing hyperbolicity-preserving SG formulation for 2D SWE, we construct the corresponding entropy flux pair, and develop structure-preserving, well-balanced, second-order energy conservative and energy stable finite volume schemes for the SG formulation of the two-dimensional shallow water system. We demonstrate the efficacy, applicability, and robustness of these structure-preserving algorithms through several challenging numerical experiments.",2024-12-20 21:27:36+00:00,http://arxiv.org/abs/2412.16353v1
2601.22294v1,"['Serhii Kryhin', 'Tatiana Mouzykantskii', 'Vivishek Sudhir']",2026-01-29 20:16:05+00:00,https://arxiv.org/pdf/2601.22294v1,Optimization and Control,"['Optimization and Control', 'Signal Processing', 'Systems and Control']",Forecasting in the presence of scale-free noise,"The extraction of signals from noise is a common problem in all areas of science and engineering. A particularly useful version is that of forecasting: determining a causal filter that estimates a future value of a hidden process from past observations. Current techniques for deriving the filter require that the noise be well described by rational power spectra. However, scale-free noises, whose spectra scale as a non-integer power of frequency, are ubiquitous in practice. We establish a method, together with performance guarantees, that solves the forecasting problem in the presence of scale-free noise. Via the duality between estimation and control, our technique can be used to design control for distributed systems. These results will have wide-ranging applications in neuroscience, finance, fluid dynamics, and quantum measurements.",2026-01-29 20:16:05+00:00,http://arxiv.org/abs/2601.22294v1
2502.02704v1,"['Tino Laidin', 'Thomas Rey']",2025-02-04 20:37:50+00:00,https://arxiv.org/pdf/2502.02704v1,Numerical Analysis,['Numerical Analysis'],A Parareal in time numerical method for the collisional Vlasov equation in the hyperbolic scaling,"We present the design of a multiscale parareal method for kinetic equations in the fluid dynamic regime. The goal is to reduce the cost of a fully kinetic simulation using a parallel in time procedure. Using the multiscale property of kinetic models, the cheap, coarse propagator consists in a fluid solver and the fine (expensive) propagation is achieved through a kinetic solver for a collisional Vlasov equation. To validate our approach, we present simulations in the 1D in space, 3D in velocity settings over a wide range of initial data and kinetic regimes, showcasing the accuracy, efficiency, and the speedup capabilities of our method.",2025-02-04 20:37:50+00:00,http://arxiv.org/abs/2502.02704v1
2412.07613v1,"['Dominic Breit', 'Thamsanqa Castern Moyo', 'Philipp Öffner']",2024-12-10 15:52:36+00:00,https://arxiv.org/pdf/2412.07613v1,Numerical Analysis,"['Numerical Analysis', 'Analysis of PDEs', 'Probability']",Discontinuous Galerkin methods for the complete stochastic Euler equations,"In recent years, stochastic effects have become increasingly relevant for describing fluid behaviour, particularly in the context of turbulence. The most important model for inviscid fluids in computational fluid dynamics are the Euler equations of gas dynamics which we focus on in this paper. To take stochastic effects into account, we incorporate a stochastic forcing term in the momentum equation of the Euler system. To solve the extended system, we apply an entropy dissipative discontinuous Galerkin spectral element method including the Finite Volume setting, adjust it to the stochastic Euler equations and analyze its convergence properties. Our analysis is grounded in the concept of dissipative martingale solutions, as recently introduced by Moyo (J. Diff. Equ. 365, 408-464, 2023). Assuming no vacuum formation and bounded total energy, we proof that our scheme converges in law to a dissipative martingale solution. During the lifespan of a pathwise strong solution, we achieve convergence of at least order 1/2, measured by the expected $L^1$ norm of the relative energy. The results built a counterpart of corresponding results in the deterministic case. In numerical simulations, we show the robustness of our scheme, visualise different stochastic realizations and analyze our theoretical findings.",2024-12-10 15:52:36+00:00,http://arxiv.org/abs/2412.07613v1
2406.02150v3,"['Tom Freudenberg', 'Michael Eden']",2025-09-25 14:30:40+00:00,https://arxiv.org/pdf/2406.02150v3,Analysis of PDEs,"['Analysis of PDEs', 'Numerical Analysis']","Analysis and Simulation of a Fluid-Heat System in a Thin, Rough Layer in Contact With a Solid Bulk Domain","We investigate the effective coupling between heat and fluid dynamics within a thin fluid layer in contact with a solid structure via a rough surface. Moreover, the opposing vertical surfaces of the thin layer are in relative motion. This setup is particularly relevant to grinding processes, where cooling lubricants interact with the rough surface of a rotating grinding wheel. The resulting model is non-linearly coupled through(i) temperature-dependent viscosity and (ii) convective heat transport. The underlying geometry is highly heterogeneous due to the thin, rough surface characterized by a small parameter representing both the height of the layer and the periodicity of the roughness. We analyze this non-linear system for existence, uniqueness, and energy estimates and study the limit behavior within the framework of two-scale convergence in thin domains. In this limit, we derive an effective interface model in 3D (a line in 2D) for the heat and fluid interactions inside the fluid. We implement the system numerically and validate the limit problem through direct comparison with the micromodel. Additionally, we investigate the influence of the temperature-dependent viscosity and various geometrical configurations via simulation experiments. The corresponding numerical code is freely available on GitHub.",2024-06-04 09:36:13+00:00,http://arxiv.org/abs/2406.02150v3
2305.09910v1,"['Markus Holzer', 'Jayesh Badwaik', 'Radim Vavrik', 'Gabriel Staffelbach', 'Andreas Herten', 'Ondrej Vysocky', 'Ilan Rocchi', 'Lubomir Riha', 'Romain Cuidard', 'Ulrich Ruede']",2023-05-17 02:40:14+00:00,https://arxiv.org/pdf/2305.09910v1,Computational Physics,"['Computational Physics', 'Numerical Analysis']",Scalable Flow Simulations with the Lattice Boltzmann Method,"The primary goal of the EuroHPC JU project SCALABLE is to develop an industrial Lattice Boltzmann Method (LBM)-based computational fluid dynamics (CFD) solver capable of exploiting current and future extreme scale architectures, expanding current capabilities of existing industrial LBM solvers by at least two orders of magnitude in terms of processor cores and lattice cells, while preserving its accessibility from both the end-user and software developer's point of view. This is accomplished by transferring technology and knowledge between an academic code (waLBerla) and an industrial code (LaBS). This paper briefly introduces the characteristics and main features of both software packages involved in the process. We also highlight some of the performance achievements in scales of up to tens of thousand of cores presented on one academic and one industrial benchmark case.",2023-05-17 02:40:14+00:00,http://arxiv.org/abs/2305.09910v1
2505.05383v1,"['Helmut Abels', 'Harald Garcke', 'Julia Wittmann']",2025-05-08 16:15:31+00:00,https://arxiv.org/pdf/2505.05383v1,Analysis of PDEs,['Analysis of PDEs'],Diffuse Interface Models for Two-Phase Flows with Phase Transition: Modeling and Existence of Weak Solutions,"The flow of two macroscopically immiscible, viscous, incompressible fluids with unmatched densities is studied, where a transfer of mass between the constituents by phase transition is taken into account. To this end, two quasi-incompressible diffuse interface models with singular free energies are analyzed, differing primarily in their velocity averaging. Firstly, to generalize a model by Abels, Garcke, and Grün, a thermodynamically consistent system of Navier--Stokes/Cahn--Hilliard type with source terms is derived in a framework of continuum fluid dynamics, followed by a proof of existence of weak solutions to the latter. Secondly, the quasi-stationary version of a model by Aki, Dreyer, Giesselmann, and Kraus is investigated analytically, with existence of weak solutions being established for the resulting quasi-stationary Stokes system coupled to a Cahn--Hilliard equation with a source term.",2025-05-08 16:15:31+00:00,http://arxiv.org/abs/2505.05383v1
2601.13971v1,"['Marcel Padilla', 'Aviv Segall', 'Olga Sorkine-Hornung']",2026-01-20 13:49:20+00:00,https://arxiv.org/pdf/2601.13971v1,Fluid Dynamics,"['Fluid Dynamics', 'Numerical Analysis']",Rigid Body Dynamics in Ambient Fluids,"We present a novel framework for rigid body dynamics in ambient media, such as air or water, enabling accurate motion prediction of objects without requiring computational fluid dynamics simulations. Our method computes the added mass of the fluid and replaces heuristic models for shape-dependent lift and drag with a generalized estimate of flow separation and dynamic pressure. Our method is the first within the rigid body dynamics context to reproduce the full range of falling plate behaviors: fluttering, tumbling, chaotic and steady modes, as well as phenomena such as the Magnus effect and the flight dynamics of an American football (tight spiral pass paradox). The resulting algorithm is simple to implement, robust, does not rely on specialized integrators and incorporates seamlessly into existing physics engines for real-time simulation.",2026-01-20 13:49:20+00:00,http://arxiv.org/abs/2601.13971v1
2309.01067v1,"['Haoxuan Zhang', 'Haisheng Li', 'Nan Li', 'Xiaochuan Wang']",2023-09-03 03:38:23+00:00,https://arxiv.org/pdf/2309.01067v1,"Computational Engineering, Finance, and Science","['Computational Engineering, Finance, and Science', 'Machine Learning', 'Numerical Analysis']",MQENet: A Mesh Quality Evaluation Neural Network Based on Dynamic Graph Attention,"With the development of computational fluid dynamics, the requirements for the fluid simulation accuracy in industrial applications have also increased. The quality of the generated mesh directly affects the simulation accuracy. However, previous mesh quality metrics and models cannot evaluate meshes comprehensively and objectively. To this end, we propose MQENet, a structured mesh quality evaluation neural network based on dynamic graph attention. MQENet treats the mesh evaluation task as a graph classification task for classifying the quality of the input structured mesh. To make graphs generated from structured meshes more informative, MQENet introduces two novel structured mesh preprocessing algorithms. These two algorithms can also improve the conversion efficiency of structured mesh data. Experimental results on the benchmark structured mesh dataset NACA-Market show the effectiveness of MQENet in the mesh quality evaluation task.",2023-09-03 03:38:23+00:00,http://arxiv.org/abs/2309.01067v1
2408.15586v1,"['Yuchong Wei', 'Zheng-an Yao']",2024-08-28 07:21:43+00:00,https://arxiv.org/pdf/2408.15586v1,Analysis of PDEs,['Analysis of PDEs'],Decay Rates for Viscous Surface Waves of Isotropic Micropolar Fluids With or Without Surface Tension,"In this paper, we consider a layer of viscous incompressible isotropic micropolar fluid in a uniform gravitational field of finite depth, lying above a flat rigid bottom and below the atmosphere in a three-dimensional horizontally periodic setting. The fluid dynamics are governed by gravity-driven incompressible micropolar equations. We investigate the global well-posedness for both the cases with and without surface tension. On one hand, in the case with surface tension (i.e. σ > 0), we show that the global solution decays to the equilibrium exponentially. On the other hand, in the case without surface tension (i.e. σ = 0), the solution decays to the equilibrium at an almost exponential rate. Comparing the two different cases for σ > 0 and σ = 0 reveals that the surface tension can enhance the decay rate.",2024-08-28 07:21:43+00:00,http://arxiv.org/abs/2408.15586v1
2403.04946v1,"['Abram Rodgers', 'Daniele Venturi']",2024-03-07 23:22:07+00:00,https://arxiv.org/pdf/2403.04946v1,Numerical Analysis,"['Numerical Analysis', 'Mathematical Physics', 'Computational Physics']",Tensor approximation of functional differential equations,"Functional Differential Equations (FDEs) play a fundamental role in many areas of mathematical physics, including fluid dynamics (Hopf characteristic functional equation), quantum field theory (Schwinger-Dyson equation), and statistical physics. Despite their significance, computing solutions to FDEs remains a longstanding challenge in mathematical physics. In this paper we address this challenge by introducing new approximation theory and high-performance computational algorithms designed for solving FDEs on tensor manifolds. Our approach involves approximating FDEs using high-dimensional partial differential equations (PDEs), and then solving such high-dimensional PDEs on a low-rank tensor manifold leveraging high-performance parallel tensor algorithms. The effectiveness of the proposed approach is demonstrated through its application to the Burgers-Hopf FDE, which governs the characteristic functional of the stochastic solution to the Burgers equation evolving from a random initial state.",2024-03-07 23:22:07+00:00,http://arxiv.org/abs/2403.04946v1
2501.08733v1,"['Ling-Bing He', 'Ning Jiang', 'Yulong Wu']",2025-01-15 11:21:23+00:00,https://arxiv.org/pdf/2501.08733v1,Analysis of PDEs,['Analysis of PDEs'],Boltzmann boundary layer equation with Maxwell reflection boundary condition and applications to fluid limits,"This paper investigates the Knudsen layer equation in half-space, arising from the hydrodynamic limit of the Boltzmann equation to fluid dynamics. We consider the Maxwell reflection boundary condition with accommodation coefficient $0<α<1$. We restrict our attention to hard sphere collisions with angular cutoff, proving the existence, uniqueness, and asymptotic behavior of the solution in $L^{\infty}_{x,v}$. Additionally, we demonstrate the application of our theorem to the hydrodynamic limit through a specific example. In this expample, we derive the boundary conditions of the fluid equations using our theorem and the symmetric properties of the Knudsen layer equation for $α\in(0,1]$ and $α=O(1)$. These derivations differs significantly from the cases of specular and almost specular reflection. This explicitly characterizes the {\em vanishing sources set} defined in \cite{jiang2024knudsenboundarylayerequations}",2025-01-15 11:21:23+00:00,http://arxiv.org/abs/2501.08733v1
2406.12157v2,"['Alejandro L. Garcia', 'John B. Bell', 'Andrew Nonaka', 'Ishan Srivastava', 'Daniel Ladiges', 'Changho Kim']",2025-04-30 13:30:03+00:00,https://arxiv.org/pdf/2406.12157v2,Fluid Dynamics,"['Fluid Dynamics', 'Numerical Analysis']",An Introduction to Computational Fluctuating Hydrodynamics,"These notes are an introduction to fluctuating hydrodynamics (FHD) and the formulation of numerical schemes for the resulting stochastic partial differential equations (PDEs). Fluctuating hydrodynamics was originally introduced by Landau and Lifshitz as a way to put thermal fluctuations into a continuum framework by including a stochastic forcing to each dissipative transport process (e.g., heat flux). While FHD has been useful in modeling transport and fluid dynamics at the mesoscopic scale, theoretical calculations have been feasible only with simplifying assumptions. As such there is great interest in numerical schemes for Computational Fluctuating Hydrodynamics (CFHD). There are a variety of algorithms (e.g., spectral, finite element, lattice Boltzmann) but in this introduction we focus on finite volume schemes. Accompanying these notes is a demonstration program in Python available on GitHub (https://github.com/AlejGarcia/IntroFHD).",2024-06-18 00:12:25+00:00,http://arxiv.org/abs/2406.12157v2
2602.00455v2,"['Xiangdi Huang', 'Weili Meng', 'Xueyao Zhang']",2026-02-06 05:26:05+00:00,https://arxiv.org/pdf/2602.00455v2,Analysis of PDEs,['Analysis of PDEs'],Global regularity of the multi-dimensional compressible Navier-Stokes-Korteweg system with large initial data,"In this work, we establish the global existence of strong solutions to the 2D and 3D compressible Navier-Stokes-Korteweg system with arbitrarily large initial data on the torus. This system was derived by Dunn and Serrin [Arch. Ration. Mech. Anal. 88(2):95-133, 1985] and is widely used to model capillarity in compressible fluids. Via an original modified Nash-Moser type iteration, we establish a critical novel estimate linking the effective velocity and the lower bound of the density, which plays a crucial role in deriving the positive lower bound of the density. To our knowledge, this can be viewed as the first existence result of global strong solutions for the compressible fluid dynamics equations with physical significance in general three-dimensional domains with arbitrarily large initial data.",2026-01-31 02:07:19+00:00,http://arxiv.org/abs/2602.00455v2
2304.14216v1,"['Bertrand Chapron', 'Dan Crisan', 'Darryl Holm', 'Oana Lang', 'Alexander Lobbe', 'Etienne Mémin']",2023-04-27 14:24:48+00:00,https://arxiv.org/pdf/2304.14216v1,Dynamical Systems,"['Dynamical Systems', 'Numerical Analysis', 'Probability']",Comparison of Stochastic Parametrization Schemes using Data Assimilation on Triad Models,"In recent years, stochastic parametrizations have been ubiquitous in modelling uncertainty in fluid dynamics models. One source of model uncertainty comes from the coarse graining of the fine-scale data and is in common usage in computational simulations at coarser scales. In this paper, we look at two such stochastic parametrizations: the Stochastic Advection by Lie Transport (SALT) parametrization introduced by Holm and the Location Uncertainty (LU) parametrization introduced by Mémin. Whilst both parametrizations are available for full-scale models, we study their reduced order versions obtained by projecting them on a complex vector Fourier mode triad of eigenfunctions of the curl. Remarkably, these two parametrizations lead to the same reduced order model, which we term the helicity-preserving stochastic triad (HST). This reduced order model is then compared with an alternative model which preserves the energy of the system, and which is termed the energy preserving stochastic triad (EST). These low-dimensional models are ideal benchmark models for testing new Data Assimilation algorithms: they are easy to implement, exhibit diverse behaviours depending on the choice of the coefficients and come with natural physical properties such as the conservation of energy and helicity.",2023-04-27 14:24:48+00:00,http://arxiv.org/abs/2304.14216v1
2405.05334v2,"['Nicolas Boullé', 'Matthew J. Colbrook']",2025-06-05 10:55:57+00:00,https://arxiv.org/pdf/2405.05334v2,Dynamical Systems,"['Dynamical Systems', 'Machine Learning', 'Numerical Analysis', 'Optimization and Control', 'Spectral Theory']",Multiplicative Dynamic Mode Decomposition,"Koopman operators are infinite-dimensional operators that linearize nonlinear dynamical systems, facilitating the study of their spectral properties and enabling the prediction of the time evolution of observable quantities. Recent methods have aimed to approximate Koopman operators while preserving key structures. However, approximating Koopman operators typically requires a dictionary of observables to capture the system's behavior in a finite-dimensional subspace. The selection of these functions is often heuristic, may result in the loss of spectral information, and can severely complicate structure preservation. This paper introduces Multiplicative Dynamic Mode Decomposition (MultDMD), which enforces the multiplicative structure inherent in the Koopman operator within its finite-dimensional approximation. Leveraging this multiplicative property, we guide the selection of observables and define a constrained optimization problem for the matrix approximation, which can be efficiently solved. MultDMD presents a structured approach to finite-dimensional approximations and can more accurately reflect the spectral properties of the Koopman operator. We elaborate on the theoretical framework of MultDMD, detailing its formulation, optimization strategy, and convergence properties. The efficacy of MultDMD is demonstrated through several examples, including the nonlinear pendulum, the Lorenz system, and fluid dynamics data, where we demonstrate its remarkable robustness to noise.",2024-05-08 18:09:16+00:00,http://arxiv.org/abs/2405.05334v2
2510.12464v1,"['Kazuo Aoki', 'Niclas Bernhoff']",2025-10-14 12:54:23+00:00,https://arxiv.org/pdf/2510.12464v1,Analysis of PDEs,"['Analysis of PDEs', 'Mathematical Physics']",Two-temperature fluid models for a polyatomic gas based on kinetic theory for nearly resonant collisions,"A polyatomic ideal gas with weak interaction between the translational and internal modes is considered. For the purpose of describing the behavior of such a gas, a Boltzmann equation is proposed in the form that the collision integral is a linear combination of inelastic and elastic (or resonant) collisions, and its basic properties are discussed. Then, in the case where the elastic collisions are dominant, fluid dynamic equations of Euler and Navier--Stokes type including two temperatures, i.e., translational and internal temperatures, as well as relaxation terms are systematically obtained by means of the Chapman--Enskog expansion. The obtained equations are different depending on the degree of weakness of the interaction between the translational and internal modes.",2025-10-14 12:54:23+00:00,http://arxiv.org/abs/2510.12464v1
2410.02658v2,"['Lauren Conger', 'Antoine P. Leeman', 'Franca Hoffmann']",2025-06-21 19:22:00+00:00,https://arxiv.org/pdf/2410.02658v2,Optimization and Control,['Optimization and Control'],Convex Constrained Controller Synthesis for Evolution Equations,"We propose a convex controller synthesis framework for a large class of constrained linear systems, including those described by (deterministic and stochastic) partial differential equations and integral equations, commonly used in fluid dynamics, thermo-mechanical systems, quantum control, or transportation networks. Most existing control techniques rely on a (finite-dimensional) discrete description of the system, via ordinary differential equations. Here, we work instead with more general (infinite-dimensional) Hilbert spaces. This enables the discretization to be applied after the optimization (optimize-then-discretize). Using output-feedback SLS, we formulate the controller synthesis as a convex optimization problem. Structural constraints like sensor and communication delays, and locality constraints, are incorporated while preserving convexity, allowing parallel implementation and extending key SLS properties to infinite dimensions. The proposed approach and its benefits are demonstrated on a linear Boltzmann equation.",2024-10-03 16:43:50+00:00,http://arxiv.org/abs/2410.02658v2
2309.13955v1,"['Sajad Salavatidezfouli', 'Giovanni Stabile', 'Gianluigi Rozza']",2023-09-25 08:41:50+00:00,https://arxiv.org/pdf/2309.13955v1,Numerical Analysis,"['Numerical Analysis', 'Machine Learning']",Deep Reinforcement Learning for the Heat Transfer Control of Pulsating Impinging Jets,"This research study explores the applicability of Deep Reinforcement Learning (DRL) for thermal control based on Computational Fluid Dynamics. To accomplish that, the forced convection on a hot plate prone to a pulsating cooling jet with variable velocity has been investigated. We begin with evaluating the efficiency and viability of a vanilla Deep Q-Network (DQN) method for thermal control. Subsequently, a comprehensive comparison between different variants of DRL is conducted. Soft Double and Duel DQN achieved better thermal control performance among all the variants due to their efficient learning and action prioritization capabilities. Results demonstrate that the soft Double DQN outperforms the hard Double DQN. Moreover, soft Double and Duel can maintain the temperature in the desired threshold for more than 98% of the control cycle. These findings demonstrate the promising potential of DRL in effectively addressing thermal control systems.",2023-09-25 08:41:50+00:00,http://arxiv.org/abs/2309.13955v1
2302.12100v1,"['Lars Radtke', 'Georgios Bletsos', 'Niklas Kühl', 'Tim Suchan', 'Thomas Rung', 'Alexander Düster', 'Kathrin Welker']",2023-02-23 15:36:47+00:00,https://arxiv.org/pdf/2302.12100v1,"Computational Engineering, Finance, and Science","['Computational Engineering, Finance, and Science', 'Optimization and Control']",Parameter-free shape optimization: various shape updates for engineering applications,"In the last decade, parameter-free approaches to shape optimization problems have matured to a state where they provide a versatile tool for complex engineering applications. However, sensitivity distributions obtained from shape derivatives in this context cannot be directly used as a shape update in gradient-based optimization strategies. Instead, an auxiliary problem has to be solved to obtain a gradient from the sensitivity. While several choices for these auxiliary problems were investigated mathematically, the complexity of the concepts behind their derivation has often prevented their application in engineering. This work aims at an explanation of several approaches to compute shape updates from an engineering perspective. We introduce the corresponding auxiliary problems in a formal way and compare the choices by means of numerical examples. To this end, a test case and exemplary applications from computational fluid dynamics are considered.",2023-02-23 15:36:47+00:00,http://arxiv.org/abs/2302.12100v1
2405.04112v1,"['Ciro S. Campolina', 'Alexei A. Mailybaev']",2024-05-07 08:32:45+00:00,https://arxiv.org/pdf/2405.04112v1,Fluid Dynamics,"['Fluid Dynamics', 'Analysis of PDEs']",Logarithmic lattice models for flows with boundaries,"Many fundamental problems in fluid dynamics are related to the effects of solid boundaries. In general, they install sharp gradients and contribute to the developement of small-scale structures, which are computationally expensive to resolve with numerical simulations. A way to access extremely fine scales with a reduced number of degrees of freedom is to consider the equations on logarithmic lattices in Fourier space. Here we introduce new toy models for flows with walls, by showing how to add boundaries to the logarithmic lattice framework. The resulting equations retain many important properties of the original systems, such as the conserved quantities, the symmetries and the boundary effects. We apply this technique to many flows, with emphasis on the inviscid limit of the Navier-Stokes equations. For this setup, simulations reach impressively large Reynolds numbers and disclose interesting insights about the original problem.",2024-05-07 08:32:45+00:00,http://arxiv.org/abs/2405.04112v1
2407.11099v2,"['Sebastian Blauth', 'Dennis Stucke', 'Mohamed Adel Ashour', 'Johannes Schnebele', 'Thomas Grützner', 'Christian Leithäuser']",2024-10-10 06:01:50+00:00,https://arxiv.org/pdf/2407.11099v2,Optimization and Control,['Optimization and Control'],CFD-based Shape Optimization of Structured Packings for Enhancing Separation Efficiency in Distillation,"Free-form shape optimization techniques are investigated to improve the separation efficiency of structured packings in laboratory-scale distillation columns. A simplified simulation model based on computational fluid dynamics (CFD) for the mass transfer in the distillation column is used and a corresponding shape optimization problem is formulated. The goal of the optimization is to increase the mass transfer in the column by changing the packing's shape, which has been previously used as criterion for increasing the separation efficiency of the column. The computational shape optimization yields promising results, with an increased mass transfer of nearly 20 %. For validation, the resulting optimized shape is additively manufactured using 3D-printing and investigated experimentally. The experimental results are in good agreement with the performance improvement predicted by the computational model, yielding an increase in separation efficiency of around 20 %.",2024-07-15 07:19:01+00:00,http://arxiv.org/abs/2407.11099v2
2510.03360v1,"['Zelin Zhao', 'Zongyi Li', 'Kimia Hassibi', 'Kamyar Azizzadenesheli', 'Junchi Yan', 'H. Jane Bae', 'Di Zhou', 'Anima Anandkumar']",2025-10-03 00:18:26+00:00,https://arxiv.org/pdf/2510.03360v1,Machine Learning,"['Machine Learning', 'Artificial Intelligence', 'Optimization and Control', 'Fluid Dynamics']",Physics-informed Neural-operator Predictive Control for Drag Reduction in Turbulent Flows,"Assessing turbulence control effects for wall friction numerically is a significant challenge since it requires expensive simulations of turbulent fluid dynamics. We instead propose an efficient deep reinforcement learning (RL) framework for modeling and control of turbulent flows. It is model-based RL for predictive control (PC), where both the policy and the observer models for turbulence control are learned jointly using Physics Informed Neural Operators (PINO), which are discretization invariant and can capture fine scales in turbulent flows accurately. Our PINO-PC outperforms prior model-free reinforcement learning methods in various challenging scenarios where the flows are of high Reynolds numbers and unseen, i.e., not provided during model training. We find that PINO-PC achieves a drag reduction of 39.0\% under a bulk-velocity Reynolds number of 15,000, outperforming previous fluid control methods by more than 32\%.",2025-10-03 00:18:26+00:00,http://arxiv.org/abs/2510.03360v1
2506.17868v1,"['Andrea Testa', 'Søren Hauberg', 'Tamim Asfour', 'Leonel Rozo']",2025-06-22 01:52:21+00:00,https://arxiv.org/pdf/2506.17868v1,Robotics,"['Robotics', 'Machine Learning', 'Differential Geometry']",Geometric Contact Flows: Contactomorphisms for Dynamics and Control,"Accurately modeling and predicting complex dynamical systems, particularly those involving force exchange and dissipation, is crucial for applications ranging from fluid dynamics to robotics, but presents significant challenges due to the intricate interplay of geometric constraints and energy transfer. This paper introduces Geometric Contact Flows (GFC), a novel framework leveraging Riemannian and Contact geometry as inductive biases to learn such systems. GCF constructs a latent contact Hamiltonian model encoding desirable properties like stability or energy conservation. An ensemble of contactomorphisms then adapts this model to the target dynamics while preserving these properties. This ensemble allows for uncertainty-aware geodesics that attract the system's behavior toward the data support, enabling robust generalization and adaptation to unseen scenarios. Experiments on learning dynamics for physical systems and for controlling robots on interaction tasks demonstrate the effectiveness of our approach.",2025-06-22 01:52:21+00:00,http://arxiv.org/abs/2506.17868v1
2501.16268v2,"['Shengxin Li', 'Tong Yang', 'Zhu Zhang']",2025-02-11 09:38:06+00:00,https://arxiv.org/pdf/2501.16268v2,Analysis of PDEs,['Analysis of PDEs'],Structural stability of boundary layers in the entire subsonic regime,"Despite the physical importance, there are limited mathematical theories for the compressible Navier-Stokes equations with strong boundary layers. This is mainly due to the absence of a stream function structure, unlike the extensively studied incompressible fluid dynamics in two dimensions. This paper aims to establish the structural stability of boundary layer profiles in the form of shear flow for the two-dimensional steady compressible Navier-Stokes equations. Our estimates are uniform across the entire subsonic regime, where the Mach number $m\in (0,1)$. As a byproduct, we provide the first result concerning the low Mach number limit in the presence of Prandtl boundary layers. The proof relies on the quasi-compressible-Stokes iteration introduced in [38], along with a subtle analysis of the interplay between density and velocity variables in different frequency regimes, and the identification of cancellations in higher-order estimates.",2025-01-27 18:03:48+00:00,http://arxiv.org/abs/2501.16268v2
2410.02340v2,['Federico Milano'],2024-10-29 17:25:43+00:00,https://arxiv.org/pdf/2410.02340v2,Systems and Control,"['Systems and Control', 'Differential Geometry', 'Fluid Dynamics']",Equivalence between Geometric Frequency and Lagrange Derivative,"The paper shows the equivalence between the geometric frequency of an electric quantity, namely, voltage and current, and the Lagrange derivative of a stream-line of a fluid. The geometric frequency is a concept recently proposed by the author and is a generalization of the instantaneous frequency, a quantity that is particularly important for the analysis and the control of electric power systems. On the other hand, the Lagrange derivative is mostly utilized in fluid dynamics and helps decomposing the time derivative into various components. The paper shows how these components relate to the elements of the geometric frequency. The paper also shows, through a variety of numerical examples, how the decomposition of the Lagrange derivative helps identifying the distortion of the waveform of a measured electric quantity and how this information can be utilized to classify system operating conditions.",2024-10-03 09:50:45+00:00,http://arxiv.org/abs/2410.02340v2
2512.21614v1,"['Ze Tao', 'Ke Xu', 'Fujun Liu']",2025-12-25 10:23:04+00:00,https://arxiv.org/pdf/2512.21614v1,Fluid Dynamics,"['Fluid Dynamics', 'Analysis of PDEs']",LSTM-PINN: An Hybrid Method for Prediction of Steady-State Electrohydrodynamic Flow,"Physics-Informed Neural Networks (PINNs) have demonstrated considerable success in solving complex fluid dynamics problems. However, their performance often deteriorates in regimes characterized by steep gradients, intricate boundary conditions, and stringent physical constraints, leading to convergence failures and numerical instabilities. To overcome these limitations, we propose a hybrid framework that integrates Long Short-Term Memory (LSTM) networks into the PINN architecture, enhancing its ability to capture spatial correlations in the steady-state velocity field of a two-dimensional charged fluid under an external electric field. Our results demonstrate that the LSTM-enhanced PINN model significantly outperforms conventional Multilayer Perceptron (MLP)-based PINNs in terms of convergence rate, numerical stability, and predictive accuracy. This innovative approach offers improved computational efficiency and reliability for modeling electrohydrodynamic flows, providing new insights and strategies for applications in microfluidics and nanofluidics.",2025-12-25 10:23:04+00:00,http://arxiv.org/abs/2512.21614v1
2411.03689v3,"['Jack Coleman', 'Daozhi Han', 'Xiaoming Wang']",2025-04-12 06:55:17+00:00,https://arxiv.org/pdf/2411.03689v3,Numerical Analysis,"['Numerical Analysis', 'Dynamical Systems']",An efficient scheme for approximating long-time dynamics of a class of non-linear models,"We propose a novel, highly efficient, mean-reverting-SAV-BDF2-based, long-time unconditionally stable numerical scheme for a class of finite-dimensional nonlinear models important in geophysical fluid dynamics. The scheme is highly efficient in that only a fixed symmetric positive definite linear problem (with varying right-hand sides) is solved at each time step. The solutions remain uniformly bounded for all time. We show that the scheme accurately captures the long-time dynamics of the underlying geophysical model, with the global attractors and invariant measures of the scheme converging to those of the original model as the step size approaches zero.
  In our numerical experiments, we adopt an indirect approach, using statistics from long-time simulations to approximate the invariant measures. Our results suggest that the convergence rate of the long-term statistics, as a function of terminal time, is approximately first-order under the Jensen-Shannon metric and half-order under the total variation metric. This implies that extremely long simulations are required to achieve high-precision approximations of the invariant measure (or climate). Nevertheless, the second-order scheme significantly outperforms its first-order counterpart, requiring far less time to reach a small neighborhood of statistical equilibrium for a given step size.",2024-11-06 06:14:46+00:00,http://arxiv.org/abs/2411.03689v3
2311.10872v3,"['Matthias Niethammer', 'Muhammad Hassan Asghar', 'Tomislav Maric', 'Dieter Bothe']",2025-01-07 16:56:20+00:00,https://arxiv.org/pdf/2311.10872v3,Fluid Dynamics,"['Fluid Dynamics', 'Numerical Analysis', 'Computational Physics']",An unstructured geometrical un-split VOF method for viscoelastic two-phase flows,"Since viscoelastic two-phase flows arise in various industrial and natural processes, developing accurate and efficient software for their detailed numerical simulation is a highly relevant and challenging research task. We present a geometrical unstructured Volume-of-Fluid (VOF) method for handling two-phase flows with viscoelastic liquid phase, where the latter is modeled via generic rate-type constitutive equations and a one-field description is derived by conditional volume averaging of the local instantaneous bulk equations and interface jump conditions. The method builds on the plicRDF-isoAdvector geometrical VOF solver that is extended and combined with the modular framework DeboRheo for viscoelastic computational fluid dynamics (CFD). A piecewise-linear geometrical interface reconstruction technique on general unstructured meshes is employed for discretizing the viscoelastic stresses across the fluid interface. DeboRheo facilitates a flexible combination of different rheological models with appropriate stabilization methods to address the high Weissenberg number problem.",2023-11-17 21:18:38+00:00,http://arxiv.org/abs/2311.10872v3
2507.16810v2,"['Cong B. Van', 'Thuy T. Le', 'Loc H. Nguyen']",2025-10-22 20:07:07+00:00,https://arxiv.org/pdf/2507.16810v2,Numerical Analysis,['Numerical Analysis'],The inverse initial data problem for anisotropic Navier-Stokes equations via Legendre time reduction method,"We consider the inverse initial data problem for the compressible anisotropic Navier-Stokes equations, where the goal is to reconstruct the initial velocity field from lateral boundary observations. This problem arises in applications where direct measurements of internal fluid states are unavailable. We introduce a novel computational framework based on Legendre time reduction, which projects the velocity field onto an exponentially weighted Legendre basis in time. This transformation reduces the original time-dependent inverse problem to a coupled, time-independent elliptic system. The resulting reduced model is solved iteratively using a Picard iteration and a stabilized least-squares formulation under noisy boundary data. Numerical experiments in two dimensions confirm that the method accurately and robustly reconstructs initial velocity fields, even in the presence of significant measurement noise and complex anisotropic structures. This approach offers a flexible and computationally tractable alternative for inverse modeling in fluid dynamics with anisotropic media.",2025-07-22 17:57:54+00:00,http://arxiv.org/abs/2507.16810v2
2407.09863v1,"['Muhammad Amjad', 'Haider Ali']",2024-07-13 12:17:39+00:00,https://arxiv.org/pdf/2407.09863v1,General Mathematics,['General Mathematics'],Solving Obstacle Problems using Optimal Homotopy Asymptotic Method,"Differential equations have void applications in several practical situations, sciences, and non sciences as Euler Lagrange equation in classical mechanics, Radioactive decay in nuclear physics, Navier Stokes equations in fluid dynamics, Verhulst equation in biological population growth, Hodgkin Huxley model in neural action potentials, etc. The cantilever bridge problem is very important in Bridge Engineering and this can be modeled as a homogeneous obstacle problem in Mathematics. Due to this and various other applications, obstacle problems become an important part of our literature. A lot of work is dedicated to the solution of the obstacle problems. However, obstacle problems are not solved by the considered method in the literature we have visited. In this work, we have investigated the finding of the exact solution to several obstacle problems using the optimal homotopy asymptotic method (OHAM). The graphical representation of results represents the symmetry among them.",2024-07-13 12:17:39+00:00,http://arxiv.org/abs/2407.09863v1
2308.09844v4,['Marcelo M. Disconzi'],2024-10-26 19:04:01+00:00,https://arxiv.org/pdf/2308.09844v4,Analysis of PDEs,"['Analysis of PDEs', 'General Relativity and Quantum Cosmology', 'Mathematical Physics', 'Nuclear Theory', 'Fluid Dynamics']",Recent developments in mathematical aspects of relativistic fluids,"We review some recent developments in mathematical aspects of relativistic fluids. The goal is to provide a quick entry point to some research topics of current interest that is accessible to graduate students and researchers from adjacent fields, as well as to researches working on broader aspects of relativistic fluid dynamics interested in its mathematical formalism. Instead of complete proofs, which can be found in the published literature, here we focus on the proofs' main ideas and key concepts. After an introduction to the relativistic Euler equations, we cover the following topics: a new wave-transport formulation of the relativistic Euler equations tailored to applications; the problem of shock formation for relativistic Euler; rough (i.e., low-regularity) solutions to the relativistic Euler equations; the relativistic Euler equations with a physical vacuum boundary; relativistic fluids with viscosity. We finish with a discussion of open problems and future directions of research.",2023-08-18 22:42:47+00:00,http://arxiv.org/abs/2308.09844v4
2408.11479v2,"['Yuji Okamoto', 'Ryosuke Kojima']",2024-12-19 10:21:11+00:00,https://arxiv.org/pdf/2408.11479v2,Machine Learning,"['Machine Learning', 'Systems and Control', 'Dynamical Systems']",Learning Deep Dissipative Dynamics,"This study challenges strictly guaranteeing ``dissipativity'' of a dynamical system represented by neural networks learned from given time-series data. Dissipativity is a crucial indicator for dynamical systems that generalizes stability and input-output stability, known to be valid across various systems including robotics, biological systems, and molecular dynamics. By analytically proving the general solution to the nonlinear Kalman-Yakubovich-Popov (KYP) lemma, which is the necessary and sufficient condition for dissipativity, we propose a differentiable projection that transforms any dynamics represented by neural networks into dissipative ones and a learning method for the transformed dynamics. Utilizing the generality of dissipativity, our method strictly guarantee stability, input-output stability, and energy conservation of trained dynamical systems. Finally, we demonstrate the robustness of our method against out-of-domain input through applications to robotic arms and fluid dynamics. Code is https://github.com/kojima-r/DeepDissipativeModel",2024-08-21 09:44:43+00:00,http://arxiv.org/abs/2408.11479v2
2509.04651v1,"['Jonathan R. Cangelosi', 'Matthias Heinkenschloss']",2025-09-04 20:35:16+00:00,https://arxiv.org/pdf/2509.04651v1,Optimization and Control,"['Optimization and Control', 'Classical Analysis and ODEs', 'Dynamical Systems']",Sensitivity-Driven Adaptive Surrogate Modeling for Simulation and Optimization of Dynamical Systems,"This paper develops a surrogate model refinement approach for the simulation of dynamical systems and the solution of optimization problems governed by dynamical systems in which surrogates replace expensive-to-compute state- and control-dependent component functions in the dynamics or objective function. For example, trajectory simulation and optimization tasks for an aircraft depend on aerodynamic coefficient functions whose evaluation requires expensive computational fluid dynamics simulations for every value of the state and control encountered in simulation and optimization algorithms, which would result in prohibitively long run times, often exacerbated further by the lack of derivative information. To overcome this bottleneck, this work employs differentiable surrogates that are computed from values of the true component functions at a few points. The proposed approach updates the current surrogates on an as-needed basis as follows: given a surrogate and corresponding solution of the simulation or optimization problem, the approach combines solution sensitivity information with pointwise error estimates between the true component functions and their surrogates to define an acquisition function that is used to determine new points at which to evaluate the true component function to refine the surrogate. The performance of the proposed approach is demonstrated on a numerical example of a notional hypersonic vehicle with aerodynamic coefficient models that are approximated using kernel interpolation.",2025-09-04 20:35:16+00:00,http://arxiv.org/abs/2509.04651v1
2310.14260v2,"['Fedor Bakharev', 'Aleksandr Enin', 'Sergey Matveenko', 'Dmitry Pavlov', 'Yulia Petrova', 'Nikita Rastegaev', 'Sergey Tikhomirov']",2024-05-28 02:26:31+00:00,https://arxiv.org/pdf/2310.14260v2,Fluid Dynamics,"['Fluid Dynamics', 'Analysis of PDEs', 'Numerical Analysis']",Velocity of viscous fingers in miscible displacement: Intermediate concentration,"We investigate one-phase flow in porous medium corresponding to a miscible displacement process in which the viscosity of the injected fluid is smaller than the viscosity in the reservoir fluid, which frequently leads to the formation of a mixing zone characterized by thin fingers. The mixing zone grows in time due to the difference in speed between its leading and trailing edges. The transverse flow equilibrium (TFE) model provides estimates of these speeds. We propose an enhancement for the TFE estimates, and provide its theoretical justification. It is based on the assumption that an intermediate concentration exists near the tip of the finger, which allows to reduce the integration interval in the speed estimate. Numerical simulations were conducted that corroborate the new estimates within the computational fluid dynamics model. The refined estimates offer greater accuracy than those provided by the original TFE model.",2023-10-22 10:54:19+00:00,http://arxiv.org/abs/2310.14260v2
2407.00428v1,"['Ivan Prusak', 'Davide Torlo', 'Monica Nonino', 'Gianluigi Rozza']",2024-06-29 12:41:42+00:00,https://arxiv.org/pdf/2407.00428v1,Numerical Analysis,['Numerical Analysis'],A time-adaptive algorithm for pressure dominated flows: a heuristic estimator,"This work aims to introduce a heuristic timestep-adaptive algorithm for Computational Fluid Dynamics (CFD) and Fluid-Structure Interaction (FSI) problems where the flow is dominated by the pressure. In such scenarios, many time-adaptive algorithms based on the interplay of implicit and explicit time schemes fail to capture the fast transient dynamics of pressure fields. We present an algorithm that relies on a temporal error estimator using Backward Differentiation Formulae (BDF$k$) of order $k=2,3$. Specifically, we demonstrate that the implicit BDF$3$ solution can be well approximated by applying a single Newton-type nonlinear solver correction to the implicit BDF$2$ solution. The difference between these solutions determines our adaptive temporal error estimator. The effectiveness of our approach is confirmed by numerical experiments conducted on a backward-facing step flow CFD test case with Reynolds number $300$ and on a two-dimensional haemodynamics FSI benchmark.",2024-06-29 12:41:42+00:00,http://arxiv.org/abs/2407.00428v1
2410.22268v1,"['D. V. Lomasov', 'P. N. Vabishchevich']",2024-10-29 17:27:55+00:00,https://arxiv.org/pdf/2410.22268v1,Numerical Analysis,['Numerical Analysis'],Numerical solution of BVP for the incompressible Navier-Stokes equations at large Reynolds numbers,"The problems of numerical modeling of viscous incompressible fluid flows are widely considered in computational fluid dynamics. Stationary solutions of boundary value problems for the Navier-Stokes equations exist at large Reynolds numbers, but they are unstable and lead to transient or turbulent unsteady regimes. In addition, the solution of the boundary value problem at large values of Reynolds number may be non-unique. In this paper, we consider computational algorithms numerical algorithms for finding such stationary solutions. We use natural pressure-velocity variables under standard finite element approximation on triangular grids. Iterative methods with different linearizations of convective transport are used to test a two-dimensional problem of incompressible fluid flow in a square-section cavity with a movable top lid. The developed computational algorithm allowed us to obtain two solutions when the Reynolds number exceeds a critical value for flows in a cavity of semi-elliptical cross-section.",2024-10-29 17:27:55+00:00,http://arxiv.org/abs/2410.22268v1
2506.06706v1,"['Zeyu Jin', 'Ruo Li']",2025-06-07 08:04:40+00:00,https://arxiv.org/pdf/2506.06706v1,Analysis of PDEs,['Analysis of PDEs'],Mixing for generic passive scalars by incompressible flows,"Mixing by incompressible flows is a ubiquitous yet incompletely understood phenomenon in fluid dynamics. While previous studies have focused on optimal mixing rates, the question of its genericity, i.e., whether mixing occurs for typical incompressible flows and typical initial data, remains mathematically unclear. In this paper, it is shown that classical mixing criteria, e.g. topological mixing or non-precompactness in $L^2$ for all nontrivial densities, fail to persist under arbitrarily small perturbations of velocity fields. A Young-measure theory adapted to $L^\infty$ data is then developed to characterize exactly which passive scalars mix. As a consequence, the existence of a single mixed density is equivalent to mixing for generic bounded data, and this equivalence is further tied to the non-precompactness of the associated measure-preserving flow maps in $L^p$. These results provide a foundation for a general theory of generic mixing in non-autonomous incompressible flows.",2025-06-07 08:04:40+00:00,http://arxiv.org/abs/2506.06706v1
2309.13299v1,['Yuuki Shimizu'],2023-09-23 08:11:01+00:00,https://arxiv.org/pdf/2309.13299v1,Differential Geometry,['Differential Geometry'],Hydrodynamic Killing vector fields on surfaces,"Killing vector fields, which have their origins in Riemannian geometry, have recently garnered attention for their significance in understanding fluid flows on curved surfaces. Owing to the significance of behavior of fluid flows around the boundary and at infinity, in the context of fluid dynamics, Killing vector fields of interest should satisfy the slip boundary condition and be complete vector fields, which are called hydrodynamic Killing vector fields (HKVF) in this paper. Our purpose is to determine surfaces admitting a HKVF. We prove that any connected, orientable surface admitting an HKVF is conformally equivalent to one of the 14 canonical Riemann surfaces, each with either a rotationally or translationally symmetric metric. This paves the way for quantitative investigations of fluid flows associated with Killing vector fields and zonal flows, such as issues of stability and instability, extending its applications potentially to global meteorological phenomena and planetary atmospheric science.",2023-09-23 08:11:01+00:00,http://arxiv.org/abs/2309.13299v1
2502.12097v1,"['Francesco Romor', 'Felipe Galarce', 'Jan Brüning', 'Leonid Goubergrits', 'Alfonso Caiazzo']",2025-02-17 18:15:09+00:00,https://arxiv.org/pdf/2502.12097v1,Numerical Analysis,['Numerical Analysis'],Data assimilation performed with robust shape registration and graph neural networks: application to aortic coarctation,"Image-based, patient-specific modelling of hemodynamics can improve diagnostic capabilities and provide complementary insights to better understand the hemodynamic treatment outcomes. However, computational fluid dynamics simulations remain relatively costly in a clinical context. Moreover, projection-based reduced-order models and purely data-driven surrogate models struggle due to the high variability of anatomical shapes in a population. A possible solution is shape registration: a reference template geometry is designed from a cohort of available geometries, which can then be diffeomorphically mapped onto it. This provides a natural encoding that can be exploited by machine learning architectures and, at the same time, a reference computational domain in which efficient dimension-reduction strategies can be performed. We compare state-of-the-art graph neural network models with recent data assimilation strategies for the prediction of physical quantities and clinically relevant biomarkers in the context of aortic coarctation.",2025-02-17 18:15:09+00:00,http://arxiv.org/abs/2502.12097v1
2404.09319v4,"['Giuseppe Orlando', 'Tommaso Benacchio', 'Luca Bonaventura']",2025-08-26 11:22:42+00:00,https://arxiv.org/pdf/2404.09319v4,Atmospheric and Oceanic Physics,"['Atmospheric and Oceanic Physics', 'Numerical Analysis']",Impact of curved elements for flows over orography with a Discontinuous Galerkin scheme,"We present a quantitative assessment of the impact of high-order mappings on the simulation of flows over complex orography. Curved boundaries were not used in early numerical methods, whereas they are employed to an increasing extent in state of the art computational fluid dynamics codes, in combination with high-order methods, such as the Finite Element Method and the Spectral Element Method. Here we consider a specific Discontinuous Galerkin (DG) method implemented in the framework of the deal.II library, which natively supports high-order mappings. A number of numerical experiments based on classical benchmarks over idealized orographic profiles demonstrate the positive impact of curved boundaries on the accuracy of the results, with no significantly adverse effect on the computational cost of the simulation. These findings are also supported by results of the application of this approach to non-smooth and realistic orographic profiles.",2024-04-14 18:31:37+00:00,http://arxiv.org/abs/2404.09319v4
2310.15343v1,"['Vitória Biesek', 'Pedro Henrique de Almeida Konzen']",2023-10-23 20:15:45+00:00,https://arxiv.org/pdf/2310.15343v1,Machine Learning,"['Machine Learning', 'Numerical Analysis']",Burgers' pinns with implicit euler transfer learning,"The Burgers equation is a well-established test case in the computational modeling of several phenomena such as fluid dynamics, gas dynamics, shock theory, cosmology, and others. In this work, we present the application of Physics-Informed Neural Networks (PINNs) with an implicit Euler transfer learning approach to solve the Burgers equation. The proposed approach consists in seeking a time-discrete solution by a sequence of Artificial Neural Networks (ANNs). At each time step, the previous ANN transfers its knowledge to the next network model, which learns the current time solution by minimizing a loss function based on the implicit Euler approximation of the Burgers equation. The approach is tested for two benchmark problems: the first with an exact solution and the other with an alternative analytical solution. In comparison to the usual PINN models, the proposed approach has the advantage of requiring smaller neural network architectures with similar accurate results and potentially decreasing computational costs.",2023-10-23 20:15:45+00:00,http://arxiv.org/abs/2310.15343v1
2506.22413v1,"['Arun Govind Neelan', 'Ferdin Sagai Don Bosco', 'Naveen Sagar Jarugumalli', 'Suresh Balaji Vedarethinam']",2025-06-27 17:39:36+00:00,https://arxiv.org/pdf/2506.22413v1,Fluid Dynamics,"['Fluid Dynamics', 'Numerical Analysis']",Physics-Informed Neural Networks: Bridging the Divide Between Conservative and Non-Conservative Equations,"In the realm of computational fluid dynamics, traditional numerical methods, which heavily rely on discretization, typically necessitate the formulation of partial differential equations (PDEs) in conservative form to accurately capture shocks and other discontinuities in compressible flows. Conversely, utilizing non-conservative forms often introduces significant errors near these discontinuities or results in smeared shocks. This dependency poses a considerable limitation, particularly as many PDEs encountered in complex physical phenomena, such as multi-phase flows, are inherently non-conservative. This inherent non-conservativity restricts the direct applicability of standard numerical solvers designed for conservative forms. This work aims to thoroughly investigate the sensitivity of Physics-Informed Neural Networks (PINNs) to the choice of PDE formulation (conservative vs. non-conservative) when solving problems involving shocks and discontinuities. We have conducted this investigation across a range of benchmark problems, specifically the Burgers equation and both steady and unsteady Euler equations, to provide a comprehensive understanding of PINNs capabilities in this critical area.",2025-06-27 17:39:36+00:00,http://arxiv.org/abs/2506.22413v1
2310.04355v2,['Harold Berjamin'],2024-06-27 17:20:00+00:00,https://arxiv.org/pdf/2310.04355v2,Soft Condensed Matter,"['Soft Condensed Matter', 'Numerical Analysis']",Computation of viscoelastic shear shock waves using finite volume schemes with artificial compressibility,"The formation of shear shock waves in the brain has been proposed as one of the plausible explanations for deep intracranial injuries. In fact, such singular solutions emerge naturally in soft viscoelastic tissues under dynamic loading conditions. To improve our understanding of the mechanical processes at hand, the development of dedicated computational models is needed. The present study concerns three-dimensional numerical models of incompressible viscoelastic solids whose motion is analysed by means of shock-capturing finite volume methods. More specifically, we focus on the use of the artificial compressibility method, a technique that has been frequently employed in computational fluid dynamics. The material behaviour is deduced from the Fung--Simo quasi-linear viscoelasiticity theory (QLV) where the elastic response is of Yeoh type. We analyse the accuracy of the method and demonstrate its applicability for the study of nonlinear wave propagation in soft solids. The numerical results cover accuracy tests, shock formation and wave focusing.",2023-10-06 16:24:30+00:00,http://arxiv.org/abs/2310.04355v2
2507.00278v1,"['Youngkyu Lee', 'Shanqing Liu', 'Jerome Darbon', 'George Em Karniadakis']",2025-06-30 21:35:52+00:00,https://arxiv.org/pdf/2507.00278v1,Numerical Analysis,['Numerical Analysis'],Automatic discovery of optimal meta-solvers for time-dependent nonlinear PDEs,"We present a general and scalable framework for the automated discovery of optimal meta-solvers for the solution of time-dependent nonlinear partial differential equations after appropriate discretization. By integrating classical numerical methods (e.g., Krylov-based methods) with modern deep learning components, such as neural operators, our approach enables flexible, on-demand solver design tailored to specific problem classes and objectives. The fast solvers tackle the large linear system resulting from the Newton--Raphson iteration or by using an implicit-explicit (IMEX) time integration scheme. Specifically, we formulate solver discovery as a multi-objective optimization problem, balancing various performance criteria such as accuracy, speed, and memory usage. The resulting Pareto optimal set provides a principled foundation for solver selection based on user-defined preference functions. When applied to problems in reaction--diffusion, fluid dynamics, and solid mechanics, the discovered meta-solvers consistently outperform conventional iterative methods, demonstrating both practical efficiency and broad applicability.",2025-06-30 21:35:52+00:00,http://arxiv.org/abs/2507.00278v1
2504.05852v1,"['Nikolaj T. Mücke', 'Benjamin Sanderse']",2025-04-08 09:29:01+00:00,https://arxiv.org/pdf/2504.05852v1,"Computational Engineering, Finance, and Science","['Computational Engineering, Finance, and Science', 'Artificial Intelligence', 'Numerical Analysis']",Physics-aware generative models for turbulent fluid flows through energy-consistent stochastic interpolants,"Generative models have demonstrated remarkable success in domains such as text, image, and video synthesis. In this work, we explore the application of generative models to fluid dynamics, specifically for turbulence simulation, where classical numerical solvers are computationally expensive. We propose a novel stochastic generative model based on stochastic interpolants, which enables probabilistic forecasting while incorporating physical constraints such as energy stability and divergence-freeness. Unlike conventional stochastic generative models, which are often agnostic to underlying physical laws, our approach embeds energy consistency by making the parameters of the stochastic interpolant learnable coefficients. We evaluate our method on a benchmark turbulence problem - Kolmogorov flow - demonstrating superior accuracy and stability over state-of-the-art alternatives such as autoregressive conditional diffusion models (ACDMs) and PDE-Refiner. Furthermore, we achieve stable results for significantly longer roll-outs than standard stochastic interpolants. Our results highlight the potential of physics-aware generative models in accelerating and enhancing turbulence simulations while preserving fundamental conservation properties.",2025-04-08 09:29:01+00:00,http://arxiv.org/abs/2504.05852v1
2305.03548v1,"['Dan Crisan', 'Oana Lang', 'Alexander Lobbe', 'Peter Jan van Leeuwen', 'Roland Potthast']",2023-05-05 13:57:50+00:00,https://arxiv.org/pdf/2305.03548v1,Dynamical Systems,"['Dynamical Systems', 'Probability', 'Statistics Theory']",Noise calibration for the stochastic rotating shallow water model,"Stochastic partial differential equations have been used in a variety of contexts to model the evolution of uncertain dynamical systems. In recent years, their applications to geophysical fluid dynamics has increased massively. For a judicious usage in modelling fluid evolution, one needs to calibrate the amplitude of the noise to data. In this paper we address this requirement for the stochastic rotating shallow water (SRSW) model. This work is a continuation of [LvLCP23], where a data assimilation methodology has been introduced for the SRSW model. The noise used in [LvLCP23] was introduced as an arbitrary random phase shift in the Fourier space. This is not necessarily consistent with the uncertainty induced by a model reduction procedure. In this paper, we introduce a new method of noise calibration of the SRSW model which is compatible with the model reduction technique. The method is generic and can be applied to arbitrary stochastic parametrizations. It is also agnostic as to the source of data (real or synthetic). It is based on a principal component analysis technique to generate the eigenvectors and the eigenvalues of the covariance matrix of the stochastic parametrization. For SRSW model covered in this paper, we calibrate the noise by using the elevation variable of the model, as this is an observable easily obtainable in practical application, and use synthetic data as input for the calibration procedure.",2023-05-05 13:57:50+00:00,http://arxiv.org/abs/2305.03548v1
2406.14649v2,"['Laura Bartoli', 'Simone Cacace', 'Emiliano Cristiani', 'Roberto Ferretti']",2024-06-25 12:11:04+00:00,https://arxiv.org/pdf/2406.14649v2,Dynamical Systems,"['Dynamical Systems', 'Numerical Analysis']",A macroscopic pedestrian model with variable maximal density,"In this paper we propose a novel macroscopic (fluid dynamics) model for describing pedestrian flow in low and high density regimes. The model is characterized by the fact that the maximal density reachable by the crowd - usually a fixed model parameter - is instead a state variable. To do that, the model couples a conservation law, devised as usual for tracking the evolution of the crowd density, with a Burgers-like PDE with a nonlocal term describing the evolution of the maximal density. The variable maximal density is used here to describe the effects of the psychological/physical pushing forces which are observed in crowds during competitive or emergency situations. Specific attention is also dedicated to the fundamental diagram, i.e., the function which expresses the relationship between crowd density and flux. Although the model needs a well defined fundamental diagram as known input parameter, it is not evident a priori which relationship between density and flux will be actually observed, due to the time-varying maximal density. An a posteriori analysis shows that the observed fundamental diagram has an elongated ""tail"" in the congested region, thus resulting similar to the concave/concave fundamental diagram with a ""double hump"" observed in real crowds. The main features of the model are investigated through 1D and 2D numerical simulations. The numerical code for the 1D simulation is freely available at https://gitlab.com/cristiani77/code_arxiv_2406.14649",2024-06-20 18:11:10+00:00,http://arxiv.org/abs/2406.14649v2
2409.17839v1,"['Paolo Bernuzzi', 'Tobias Grafke']",2024-09-26 13:41:25+00:00,https://arxiv.org/pdf/2409.17839v1,Probability,['Probability'],Large Deviation Minimisers for Stochastic Partial Differential Equations with Degenerate Noise,"Noise-induced transitions between multistable states happen in a multitude of systems, such as species extinction in biology, protein folding, or tipping points in climate science. Large deviation theory is the rigorous language to describe such transitions for non-equilibrium systems in the small noise limit. At its core, it requires the computation of the most likely transition pathway, solution to a PDE constrained optimization problem. Standard methods struggle to compute the minimiser in the particular coexistence of (1) multistability, i.e. coexistence of multiple long-lived states, and (2) degenerate noise, i.e. stochastic forcing acting only on a small subset of the system's degrees of freedom. In this paper, we demonstrate how to adapt existing methods to compute the large deviation minimiser in this setting by combining ideas from optimal control, large deviation theory, and numerical optimisation. We show the efficiency of the introduced method in various applications in biology, medicine, and fluid dynamics, including the transition to turbulence in subcritical pipe flow.",2024-09-26 13:41:25+00:00,http://arxiv.org/abs/2409.17839v1
2509.25115v1,"['Luke Benfield', 'Andreas Dedner']",2025-09-29 17:41:16+00:00,https://arxiv.org/pdf/2509.25115v1,Numerical Analysis,['Numerical Analysis'],Diffuse Domain Methods with Dirichlet Boundary Conditions,"The solution of partial differential equations (PDEs) on complex domains often presents a significant computational challenge by requiring the generation of fitted meshes. The Diffuse Domain Method (DDM) is an alternative which reformulates the problem on a larger, simple domain where the complex geometry is represented by a smooth phase-field function.
  This paper introduces and analyses several new DDM methods for solving problems with Dirichlet boundary conditions. We derive two new methods from the mixed formulation of the governing equations. This approach transforms the essential Dirichlet conditions into natural boundary conditions. Additionally, we develop coercive formulations based on Nitsche's method, and provide proofs of coercivity for all new and key existing approximations.
  Numerical experiments demonstrate the improved accuracy of the new methods, and reveal the balance between $L^2$ and $H^1$ errors. The practical effectiveness of this approach is demonstrated through the simulation of the incompressible Navier-Stokes equations on a benchmark fluid dynamics problems.",2025-09-29 17:41:16+00:00,http://arxiv.org/abs/2509.25115v1
2504.10256v1,"['D. Breit', 'E. Feireisl', 'M. Hofmanova', 'P. B. Mucha']",2025-04-14 14:17:25+00:00,https://arxiv.org/pdf/2504.10256v1,Analysis of PDEs,['Analysis of PDEs'],Compressible fluids excited by space-dependent transport noise,"We study the compressible Navier-Stokes system driven by physically relevant transport noise, where the noise influences both the continuity and momentum equations. Our approach is based on transforming the system into a partial differential equation with random, time- and space-dependent coefficients. A key challenge arises from the fact that these coefficients are non-differentiable in time, rendering standard compactness arguments for the identification of the pressure inapplicable. To overcome this difficulty, we develop a novel multi-layer approximation scheme and introduce a precise localization strategy with respect to both the sample space and time variable. The limit pressure is then identified via the corresponding effective viscous flux identity. By means of stochastic compactness methods, particularly Skorokhod's representation theorem and its generalization by Jakubowski, we ensure the progressive measurability required to return to the original system. Our results broaden the applicability of transport noise models in fluid dynamics and offer new insights into the interaction between stochastic effects and compressibility.",2025-04-14 14:17:25+00:00,http://arxiv.org/abs/2504.10256v1
2507.04898v2,"['Edmund Ross', 'Claudia Drygala', 'Leonhard Schwarz', 'Samir Kaiser', 'Francesca di Mare', 'Tobias Breiten', 'Hanno Gottschalk']",2025-11-24 17:16:42+00:00,https://arxiv.org/pdf/2507.04898v2,Numerical Analysis,"['Numerical Analysis', 'Machine Learning']",When do World Models Successfully Learn Dynamical Systems?,"In this work, we explore the use of compact latent representations with learned time dynamics ('World Models') to simulate physical systems. Drawing on concepts from control theory, we propose a theoretical framework that explains why projecting time slices into a low-dimensional space and then concatenating to form a history ('Tokenization') is so effective at learning physics datasets, and characterise when exactly the underlying dynamics admit a reconstruction mapping from the history of previous tokenized frames to the next. To validate these claims, we develop a sequence of models with increasing complexity, starting with least-squares regression and progressing through simple linear layers, shallow adversarial learners, and ultimately full-scale generative adversarial networks (GANs). We evaluate these models on a variety of datasets, including modified forms of the heat and wave equations, the chaotic regime 2D Kuramoto-Sivashinsky equation, and a challenging computational fluid dynamics (CFD) dataset of a 2D Kármán vortex street around a fixed cylinder, where our model is successfully able to recreate the flow.",2025-07-07 11:29:18+00:00,http://arxiv.org/abs/2507.04898v2
2602.01498v1,"['Mingyu Han', 'Daniel Zhengyu Huang', 'Yuhan Wang', 'Yanshu Zhang', 'Jiayi Zhou']",2026-02-02 00:29:48+00:00,https://arxiv.org/pdf/2602.01498v1,Numerical Analysis,['Numerical Analysis'],Geometric Generalization of Neural Operators from Kernel Integral Perspective,"Neural operators are neural network-based surrogate models for approximating solution operators of parametric partial differential equations, enabling efficient many-query computations in science and engineering. Many applications, including engineering design, involve variable and often nonparametric geometries, for which generalization to unseen geometries remains a central practical challenge. In this work, we adopt a kernel integral perspective motivated by classical boundary integral formulations and recast operator learning on variable geometries as the approximation of geometry-dependent kernel operators, potentially with singularities. This perspective clarifies a mechanism for geometric generalization and reveals a direct connection between operator learning and fast kernel summation methods. Leveraging this connection, we propose a multiscale neural operator inspired by Ewald summation for learning and efficiently evaluating unknown kernel integrals, and we provide theoretical accuracy guarantees for the resulting approximation. Numerical experiments demonstrate robust generalization across diverse geometries for several commonly used kernels and for a large-scale three-dimensional fluid dynamics example.",2026-02-02 00:29:48+00:00,http://arxiv.org/abs/2602.01498v1
2308.01449v1,"['Manuel Fernando Cortez', 'Oscar Jarrin']",2023-08-02 21:52:30+00:00,https://arxiv.org/pdf/2308.01449v1,Analysis of PDEs,['Analysis of PDEs'],Sharp well-posedness and spatial decaying for a generalized dispersive-dissipative Kuramoto-type equation and applications to related models,"We introduce a fairly general dispersive-dissipative nonlinear equation, which is characterized by fractional Laplacian operators in both the dispersive and dissipative terms. This equation includes some physically relevant models of fluid dynamics as particular cases. Among them are the \emph{dispersive Kuramoto-Velarde}, the \emph{Kuramoto-Sivashinsky} equation, and some nonlocal perturbations of the \emph{KdV} and the \emph{Benjamin-Ono} equations. We thoroughly study the effects of the fractional Laplacian operators in the qualitative study of solutions: on the one hand, we prove a sharp well-posedness result in the framework of Sobolev spaces of negative order, and on the other hand, we investigate the pointwise decaying properties of solutions in the spatial variable, which are optimal in some cases. These last results are of particular interest for the corresponding physical models. Precisely, they align with previous numerical works on the spatial decay of a particular kind of solutions, commonly referred to as solitary waves.",2023-08-02 21:52:30+00:00,http://arxiv.org/abs/2308.01449v1
2402.08395v3,"['James Woodfield', 'Hilary Weller', 'Colin J Cotter']",2024-07-11 17:55:44+00:00,https://arxiv.org/pdf/2402.08395v3,Numerical Analysis,"['Numerical Analysis', 'Fluid Dynamics']",New limiter regions for multidimensional flows,"Accurate transport algorithms are crucial for computational fluid dynamics and more accurate and efficient schemes are always in development. One dimensional limiting is commonly employed to suppress nonphysical oscillations. However, the application of such limiters can reduce accuracy. It is important to identify the weakest set of sufficient conditions required on the limiter as to allow the development of successful numerical algorithms.
  The main goal of this paper is to identify new less restrictive sufficient conditions for flux form in-compressible advection to remain monotonic. We identify additional necessary conditions for incompressible flux form advection to be monotonic, demonstrating that the Spekreijse limiter region is not sufficient for incompressible flux form advection to remain monotonic. Then a convex combination argument is used to derive new sufficient conditions that are less restrictive than the Sweby region for a discrete maximum principle. This allows the introduction of two new more general limiter regions suitable for flux form incompressible advection.",2024-02-13 11:42:12+00:00,http://arxiv.org/abs/2402.08395v3
2407.13684v1,"['Aparna Bansal', 'Nicolás A. Barnafi', 'Dwijendra Narain Pandey', 'Ricardo Ruiz-Baier']",2024-07-18 16:55:58+00:00,https://arxiv.org/pdf/2407.13684v1,Numerical Analysis,['Numerical Analysis'],A Lagrange Multiplier-based method for Stokes-linearized poro-hyperelastic interface problems,"We propose a model for the coupling between free fluid and a linearized poro-hyperelastic body. In this model, the Brinkman equation is employed for fluid flow in the porous medium, incorporating inertial effects into the fluid dynamics. A generalized poromechanical framework is used, incorporating fluid inertial effects in accordance with thermodynamic principles. We carry out the analysis of the unique solvability of the governing equations, and the existence proof relies on an auxiliary multi-valued parabolic problem. We propose a Lagrange multiplier-based mixed finite element method for its numerical approximation and show the well-posedness of both semi-and fully-discrete problems. Then, a priori error estimates for both the semi- and fully-discrete schemes are derived. A series of numerical experiments is presented to confirm the theoretical convergence rates, and we also employ the proposed monolithic scheme to simulate 2D physical phenomena in geophysical fluids and biomechanics of the brain function.",2024-07-18 16:55:58+00:00,http://arxiv.org/abs/2407.13684v1
2508.06690v1,"['Seth Taylor', 'Alex Bihlo', 'Jean-Christophe Nave']",2025-08-08 20:32:00+00:00,https://arxiv.org/pdf/2508.06690v1,Numerical Analysis,['Numerical Analysis'],Diffeomorphic Neural Operator Learning,"We present an operator learning approach for a class of evolution operators using a composition of a learned lift into the space of diffeomorphisms of the domain and the group action on the field space. In turn, this transforms the semigroup structure of the evolution operator into a corresponding group structure allowing time stepping be performed through composition on the space of diffeomorphisms rather than in the field space directly. This results in a number of structure-preserving properties related to preserving a relabelling symmetry of the dynamics as a hard constraint. We study the resolution properties of our approach, along with its connection to the techniques of diffeomorphic image registration. Numerical experiments on forecasting turbulent fluid dynamics are provided, demonstrating its conservative properties, non-diffusivity, and ability to capture anticipated statistical scaling relations at sub-grid scales. Our method provides an example of geometric operator learning and indicates a clear performance benefit from leveraging a priori known infinite-dimensional geometric structure.",2025-08-08 20:32:00+00:00,http://arxiv.org/abs/2508.06690v1
2508.12130v1,['Feng Li'],2025-08-16 18:43:10+00:00,https://arxiv.org/pdf/2508.12130v1,Analysis of PDEs,['Analysis of PDEs'],Solvability of Euler equations in the fractional Sobolev spaces in a bounded smooth domain,"Euler equations are the basic system in fluid dynamics describing the motion of incompressible and inviscid ideal fluids. For a bounded smooth domain $Ω$ in $\mathbb{R}^n$. The well-posedness of Euler equations is well-known in Sobolev spaces $W^{k,p}(Ω)$ with the integer $k>\frac{n}{p}+1,\, 1<p<\infty$. In this article, we study the well-posedness of Euler equations in fractional Sobolev spaces on a bounded smooth domain. We first give a priori estimates of Euler equations in fractional Hilbert-Sobolev spaces by using the energy method. For the general case of fractional Sobolev spaces, we use the characteristic method together with elliptic estimates to give similar estimates. Finally, using the a priori estimate obtained we give solvability of Euler equations in fractional Sobolev spaces. Similar to the classical case, our result is global in time in the case of two dimensions and local in the three dimensions.",2025-08-16 18:43:10+00:00,http://arxiv.org/abs/2508.12130v1
2403.10578v1,"['Dan Crisan', 'Oana Lang', 'Alexander Lobbe']",2024-03-15 09:30:29+00:00,https://arxiv.org/pdf/2403.10578v1,Machine Learning,"['Machine Learning', 'Machine Learning', 'Dynamical Systems', 'Numerical Analysis', 'Fluid Dynamics']",Generative Modelling of Stochastic Rotating Shallow Water Noise,"In recent work, the authors have developed a generic methodology for calibrating the noise in fluid dynamics stochastic partial differential equations where the stochasticity was introduced to parametrize subgrid-scale processes. The stochastic parameterization of sub-grid scale processes is required in the estimation of uncertainty in weather and climate predictions, to represent systematic model errors arising from subgrid-scale fluctuations. The previous methodology used a principal component analysis (PCA) technique based on the ansatz that the increments of the stochastic parametrization are normally distributed.
  In this paper, the PCA technique is replaced by a generative model technique. This enables us to avoid imposing additional constraints on the increments. The methodology is tested on a stochastic rotating shallow water model with the elevation variable of the model used as input data. The numerical simulations show that the noise is indeed non-Gaussian. The generative modelling technology gives good RMSE, CRPS score and forecast rank histogram results.",2024-03-15 09:30:29+00:00,http://arxiv.org/abs/2403.10578v1
2401.09222v1,"['Yun Chen Tsai', 'Shingyu Leung']",2024-01-17 14:03:43+00:00,https://arxiv.org/pdf/2401.09222v1,Dynamical Systems,"['Dynamical Systems', 'Fluid Dynamics']",Local Trajectory Variation Exponent (LTVE) for Visualizing Dynamical Systems,"The identification and visualization of Lagrangian structures in flows plays a crucial role in the study of dynamic systems and fluid dynamics. The Finite Time Lyapunov Exponent (FTLE) has been widely used for this purpose; however, it only approximates the flow by considering the positions of particles at the initial and final times, ignoring the actual trajectory of the particle. To overcome this limitation, we propose a novel quantity that extends and generalizes the FTLE by incorporating trajectory metrics as a measure of similarity between trajectories. Our proposed method utilizes trajectory metrics to quantify the distance between trajectories, providing a more robust and accurate measure of the LCS. By incorporating trajectory metrics, we can capture the actual path of the particle and account for its behavior over time, resulting in a more comprehensive analysis of the flow. Our approach extends the traditional FTLE approach to include trajectory metrics as a means of capturing the complexity of the flow.",2024-01-17 14:03:43+00:00,http://arxiv.org/abs/2401.09222v1
2404.07710v3,"['Giuseppe Sirianni', 'Alberto Guardone', 'Barbara Re', 'Rémi Abgrall']",2024-06-21 15:18:33+00:00,https://arxiv.org/pdf/2404.07710v3,Numerical Analysis,"['Numerical Analysis', 'Computational Engineering, Finance, and Science']",An Explicit Primitive Conservative Solver for the Euler Equations with Arbitrary Equation of State,"This work presents a procedure to solve the Euler equations by explicitly updating, in a conservative manner, a generic thermodynamic variable such as temperature, pressure or entropy instead of the total energy. The presented procedure is valid for any equation of state and spatial discretization. When using complex equations of state such as Span-Wagner, choosing the temperature as the generic thermodynamic variable yields great reductions in the computational costs associated to thermodynamic evaluations. Results computed with a state of the art thermodynamic model are presented, and computational times are analyzed. Particular attention is dedicated to the conservation of total energy, the propagation speed of shock waves and jump conditions. The procedure is thoroughly tested using the Span-Wagner equation of state through the CoolProp thermodynamic library and the Van der Waals equation of state, both in the ideal and non-ideal compressible fluid-dynamics regimes, by comparing it to the standard total energy update and analytical solutions where available.",2024-04-11 12:56:56+00:00,http://arxiv.org/abs/2404.07710v3
2509.03431v1,"['George Avalos', 'Pelin G. Geredeli', 'Hemanta Kunwar', 'Hyesuk Lee']",2025-09-03 16:00:42+00:00,https://arxiv.org/pdf/2509.03431v1,Analysis of PDEs,"['Analysis of PDEs', 'Numerical Analysis']",A novel approach to study the wellposedness of the 3D fluid-2D plate interaction PDE System,"We consider a certain fluid-structure interaction (FSI) system with a view of obtaining an alternative methodology for establishing its strongly continuous semigroup wellposedness. (Semigroup generation for this FSI was originally considered in Avalos-Clark (2014).) The FSI model under consideration describes the vibrations of an incompressible fluid within a 3D cavity as it interacts with the elastic membrane on the ``free"" upper boundary of the cavity. Such coupled PDE systems appear in variety of natural settings such as biomedicine, aeroelasticity, and fluid dynamics.
  Our proof of $C_0$-semigroup wellposedness is based on a proper application of Lumer Phillips Theorem. In this regard, our main challenge is to show the maximality of the corresponding semigroup generator. To this end, we develop a ``nonstandard"" inf-sup approach which avoids the use of technical nonlocal maps in the associated bilinear forms--unlike the earlier paper Avalos-Clark (2014)--and allows for the solution of the fluid and plate solution variables simultanously. Our new inf-sup strategy will lead to a more efficient mixed finite element method (FEM) for approximating solutions to the FSI problem, inasmuch our novel variational formulation avoids bilinear forms which are free from the computationally-intensive nonlocal solution operators invoked in Avalos-Clark (2014). We also perform numerical tests based on this formulation using a benchmark problem
  and present numerical results to demonstrate the effectiveness of our approach.",2025-09-03 16:00:42+00:00,http://arxiv.org/abs/2509.03431v1
2510.16399v1,"['Volker Mehrmann', 'Manuel Schaller', 'Martin Stoll']",2025-10-18 08:21:16+00:00,https://arxiv.org/pdf/2510.16399v1,Numerical Analysis,"['Numerical Analysis', 'Systems and Control', 'Optimization and Control']",Iterative solvers for partial differential equations with dissipative structure: Operator preconditioning and optimal control,"This work considers the iterative solution of large-scale problems subject to non-symmetric matrices or operators arising in discretizations of (port-)Hamiltonian partial differential equations. We consider problems governed by an operator $\mathcal{A}=\mathcal{H}+\mathcal{S}$ with symmetric part $\mathcal{H}$ that is positive (semi-)definite and skew-symmetric part $\mathcal{S}$. Prior work has shown that the structure and sparsity of the associated linear system enables Krylov subspace solvers such as the generalized minimal residual method (GMRES) or short recurrence variants such as Widlund's or Rapoport's method using the symmetric part $\mathcal{H}$, or an approximation of it, as preconditioner. In this work, we analyze the resulting condition numbers, which are crucial for fast convergence of these methods, for various partial differential equations (PDEs) arising in diffusion phenomena, fluid dynamics, and elasticity. We show that preconditioning with the symmetric part leads to a condition number uniform in the mesh size in case of elliptic and parabolic PDEs where $\mathcal{H}^{-1}\mathcal{S}$ is a bounded operator. Further, we employ the tailored Krylov subspace methods in optimal control by means of a condensing approach and a constraint preconditioner for the optimality system. We illustrate the results by various large-scale numerical examples and discuss efficient evaluations of the preconditioner, such as incomplete Cholesky factorization or the algebraic multigrid method.",2025-10-18 08:21:16+00:00,http://arxiv.org/abs/2510.16399v1
2411.13569v1,"['Sutthikiat Sungkeetanon', 'Joseph S. Gaglione', 'Robert L. Chapman', 'Tyler M. Kelly', 'Howard A. Cushman', 'Blakeley H. Odom', 'Bryan MacGavin', 'Gafar A. Elamin', 'Nathan J. Washuta', 'Jonathan E. Crosmer', 'Adam C. DeVoria', 'John W. Sanders']",2024-11-12 06:18:22+00:00,https://arxiv.org/pdf/2411.13569v1,Numerical Analysis,"['Numerical Analysis', 'Dynamical Systems', 'Fluid Dynamics']",Unconditionally stable symplectic integrators for the Navier-Stokes equations and other dissipative systems,"Symplectic integrators offer vastly superior performance over traditional numerical techniques for conservative dynamical systems, but their application to \emph{dissipative} systems is inherently difficult due to dissipative systems' lack of symplectic structure. Leveraging the intrinsic variational structure of higher-order dynamics, this paper presents a general technique for applying existing symplectic integration schemes to dissipative systems, with particular emphasis on viscous fluids modeled by the Navier-Stokes equations. Two very simple such schemes are developed here. Not only are these schemes unconditionally stable for dissipative systems, they also outperform traditional methods with a similar degree of complexity in terms of accuracy for a given time step. For example, in the case of viscous flow between two infinite, flat plates, one of the schemes developed here is found to outperform both the implicit Euler method and the explicit fourth-order Runge-Kutta method in predicting the velocity profile. To the authors' knowledge, this is the very first time that a symplectic integration scheme has been applied successfully to the Navier-Stokes equations. We interpret the present success as direct empirical validation of the canonical Hamiltonian formulation of the Navier-Stokes problem recently published by Sanders~\emph{et al.} More sophisticated symplectic integration schemes are expected to exhibit even greater performance. It is hoped that these results will lead to improved numerical methods in computational fluid dynamics.",2024-11-12 06:18:22+00:00,http://arxiv.org/abs/2411.13569v1
2308.03985v2,"['Wenhui Peng', 'Shaoxiang Qin', 'Senwen Yang', 'Jianchun Wang', 'Xue Liu', 'Liangzhu Leon Wang']",2023-09-30 19:07:04+00:00,https://arxiv.org/pdf/2308.03985v2,Machine Learning,"['Machine Learning', 'Numerical Analysis', 'Fluid Dynamics']",Fourier neural operator for real-time simulation of 3D dynamic urban microclimate,"Global urbanization has underscored the significance of urban microclimates for human comfort, health, and building/urban energy efficiency. They profoundly influence building design and urban planning as major environmental impacts. Understanding local microclimates is essential for cities to prepare for climate change and effectively implement resilience measures. However, analyzing urban microclimates requires considering a complex array of outdoor parameters within computational domains at the city scale over a longer period than indoors. As a result, numerical methods like Computational Fluid Dynamics (CFD) become computationally expensive when evaluating the impact of urban microclimates. The rise of deep learning techniques has opened new opportunities for accelerating the modeling of complex non-linear interactions and system dynamics. Recently, the Fourier Neural Operator (FNO) has been shown to be very promising in accelerating solving the Partial Differential Equations (PDEs) and modeling fluid dynamic systems. In this work, we apply the FNO network for real-time three-dimensional (3D) urban wind field simulation. The training and testing data are generated from CFD simulation of the urban area, based on the semi-Lagrangian approach and fractional stepping method to simulate urban microclimate features for modeling large-scale urban problems. Numerical experiments show that the FNO model can accurately reconstruct the instantaneous spatial velocity field. We further evaluate the trained FNO model on unseen data with different wind directions, and the results show that the FNO model can generalize well on different wind directions. More importantly, the FNO approach can make predictions within milliseconds on the graphics processing unit, making real-time simulation of 3D dynamic urban microclimate possible.",2023-08-08 02:03:47+00:00,http://arxiv.org/abs/2308.03985v2
2307.09611v2,"['Ariel Lerman', 'Marcelo M. Disconzi', 'Jorge Noronha']",2023-12-01 16:47:10+00:00,https://arxiv.org/pdf/2307.09611v2,Analysis of PDEs,"['Analysis of PDEs', 'Mathematical Physics', 'Nuclear Theory', 'Fluid Dynamics']",Local well-posedness and singularity formation in non-Newtonian compressible fluids,"We investigate the initial value problem of a very general class of $3+1$ non-Newtonian compressible fluids in which the viscous stress tensor with shear and bulk viscosity relaxes to its Navier-Stokes values. These fluids correspond to the non-relativistic limit of well-known Israel-Stewart-like theories used in the relativistic fluid dynamic simulations of high-energy nuclear and astrophysical systems. After establishing the local well-posedness of the Cauchy problem, we show for the first time in the literature that there exists a large class of initial data for which the corresponding evolution breaks down in finite time due to the formation of singularities. This implies that a large class of non-Newtonian fluids do not have finite solutions defined at all times.",2023-07-13 18:57:43+00:00,http://arxiv.org/abs/2307.09611v2
2509.10211v1,"['Theodore D. Drivas', 'Lucio Galeati', 'Umberto Pappalettera']",2025-09-12 12:57:07+00:00,https://arxiv.org/pdf/2509.10211v1,Probability,"['Probability', 'Mathematical Physics', 'Analysis of PDEs']",Anomalous dissipation and regularization in isotropic Gaussian turbulence,"In this work we rigorously establish a number of properties of ""turbulent"" solutions to the stochastic transport and the stochastic continuity equations constructed by Le Jan and Raimond in [Ann. Probab. 30(2): 826-873, 2002]. The advecting velocity field, not necessarily incompressible, is Gaussian and white-in-time, space-homogeneous and isotropic, with $α$-Hölder regularity in space, $α\in (0,1)$. We cover the full range of compressibility ratios giving spontaneous stochasticity of particle trajectories. For the stochastic transport equation, we prove that generic $L^2_x$ data experience anomalous dissipation of the mean energy, and study basic properties of the resulting anomalous dissipation measure. Moreover, we show that starting from such irregular data, the solution immediately gains regularity and enters into a fractional Sobolev space $H^{1-α-}_x$. The proof of the latter is obtained as a consequence of a new sharp regularity result for the degenerate parabolic PDE satisfied by the associated two-point self-correlation function, which is of independent interest. In the incompressible case, a Duchon-Robert-type formula for the anomalous dissipation measure is derived, making a precise connection between this self-regularizing effect and a limit on the flux of energy in the turbulent cascade. Finally, for the stochastic continuity equation, we prove that solutions starting from a Dirac delta initial condition undergo an average squared dispersion growing with respect to time as $t^{1/(1-α)}$, rigorously establishing the analogue of Richardson's law of particle separations in fluid dynamics.",2025-09-12 12:57:07+00:00,http://arxiv.org/abs/2509.10211v1
2512.04403v1,"['Hongxu Chen', 'Renjun Duan']",2025-12-04 03:07:08+00:00,https://arxiv.org/pdf/2512.04403v1,Analysis of PDEs,['Analysis of PDEs'],Diffusive limit of the Boltzmann equation around Rayleigh profile in the half space,"This paper concerns the diffusive limit of the time evolutionary Boltzmann equation in the half space $\mathbb{T}^2\times\mathbb{R}^+$ for a small Knudsen number $\varepsilon>0$. For boundary conditions in the normal direction, it involves diffuse reflection moving with a tangent velocity proportional to $\varepsilon$ on the wall, whereas the far field is described by a global Maxwellian with zero bulk velocity. The incompressible Navier-Stokes equations, as the corresponding formal fluid dynamic limit, admit a specific time-dependent shearing solution known as the Rayleigh profile, which accounts for the effect of the tangentially moving boundary on the flow at rest in the far field. Using the Hilbert expansion method, for well-prepared initial data we construct the Boltzmann solution around the Rayleigh profile without initial singularity over any finite time interval.",2025-12-04 03:07:08+00:00,http://arxiv.org/abs/2512.04403v1
2407.02519v1,"['Harsh Vardhan', 'Umesh Timalsina', 'Michael Sandborn', 'David Hyde', 'Peter Volgyesi', 'Janos Sztipanovits']",2024-06-24 15:29:22+00:00,https://arxiv.org/pdf/2407.02519v1,"Computational Engineering, Finance, and Science","['Computational Engineering, Finance, and Science', 'Machine Learning', 'Numerical Analysis']","Anvil: An integration of artificial intelligence, sampling techniques, and a combined CAD-CFD tool","In this work, we introduce an open-source integrated CAD-CFD tool, Anvil, which combines FreeCAD for CAD modeling and OpenFOAM for CFD analysis, along with an AI-based optimization method (Bayesian optimization) and other sampling algorithms. Anvil serves as a scientific machine learning tool for shape optimization in three modes: data generation, CFD evaluation, and shape optimization. In data generation mode, it automatically runs CFD evaluations and generates data for training a surrogate model. In optimization mode, it searches for the optimal design under given requirements and optimization metrics. In CFD mode, a single CAD file can be evaluated with a single OpenFOAM run. To use Anvil, experimenters provide a JSON configuration file and a parametric CAD seed design. Anvil can be used to study solid-fluid dynamics for any subsonic flow conditions and has been demonstrated in various simulation and optimization use cases. The open-source code for the tool, installation process, artifacts (such as CAD seed designs and example STL models), experimentation results, and detailed documentation can be found at \url{https://github.com/symbench/Anvil}.",2024-06-24 15:29:22+00:00,http://arxiv.org/abs/2407.02519v1
2506.09830v1,"['Gabriele Codega', 'Anna Ivagnes', 'Nicola Demo', 'Gianluigi Rozza']",2025-06-11 15:10:02+00:00,https://arxiv.org/pdf/2506.09830v1,Numerical Analysis,['Numerical Analysis'],Machine Learning-based quadratic closures for non-intrusive Reduced Order Models,"In the present work, we introduce a data-driven approach to enhance the accuracy of non-intrusive Reduced Order Models (ROMs). In particular, we focus on ROMs built using Proper Orthogonal Decomposition (POD) in an under-resolved and marginally-resolved regime, i.e. when the number of modes employed is not enough to capture the system dynamics. We propose a method to re-introduce the contribution of neglected modes through a quadratic correction term, given by the action of a quadratic operator on the POD coefficients. Differently from the state-of-the-art methodologies, where the operator is learned via least-squares optimisation, we propose to parametrise the operator by a Multi-Input Operators Network (MIONet). This way, we are able to build models with higher generalisation capabilities, where the operator itself is continuous in space -- thus agnostic of the domain discretisation -- and parameter-dependent. We test our model on two standard benchmarks in fluid dynamics and show that the correction term improves the accuracy of standard POD-based ROMs.",2025-06-11 15:10:02+00:00,http://arxiv.org/abs/2506.09830v1
2410.03802v3,"[""Giuseppe Alessio D'Inverno"", 'Saeid Moradizadeh', 'Sajad Salavatidezfouli', 'Pasquale Claudio Africa', 'Gianluigi Rozza']",2025-04-17 12:45:16+00:00,https://arxiv.org/pdf/2410.03802v3,Medical Physics,"['Medical Physics', 'Machine Learning', 'Numerical Analysis']",Mesh-Informed Reduced Order Models for Aneurysm Rupture Risk Prediction,"The complexity of the cardiovascular system needs to be accurately reproduced in order to promptly acknowledge health conditions; to this aim, advanced multifidelity and multiphysics numerical models are crucial. On one side, Full Order Models (FOMs) deliver accurate hemodynamic assessments, but their high computational demands hinder their real-time clinical application. In contrast, Reduced Order Models (ROMs) provide more efficient yet accurate solutions, essential for personalized healthcare and timely clinical decision-making. In this work, we explore the application of computational fluid dynamics (CFD) in cardiovascular medicine by integrating FOMs with ROMs for predicting the risk of aortic aneurysm growth and rupture. Wall Shear Stress (WSS) and the Oscillatory Shear Index (OSI), sampled at different growth stages of the thoracic aortic aneurysm, are predicted by means of Graph Neural Networks (GNNs). GNNs exploit the natural graph structure of the mesh obtained by the Finite Volume (FV) discretization, taking into account the spatial local information, regardless of the dimension of the input graph. Our experimental validation framework yields promising results, confirming our method as a valid alternative that overcomes the curse of dimensionality.",2024-10-04 09:39:15+00:00,http://arxiv.org/abs/2410.03802v3
2410.16656v2,"['Arpan Das', 'Pier Marzocca', 'Oleg Levinski']",2024-11-29 07:35:30+00:00,https://arxiv.org/pdf/2410.16656v2,Methodology,"['Methodology', 'Machine Learning', 'Signal Processing', 'Dynamical Systems', 'Data Analysis, Statistics and Probability', 'Fluid Dynamics', 'Machine Learning']",Parsimonious Dynamic Mode Decomposition: A Robust and Automated Approach for Optimally Sparse Mode Selection in Complex Systems,"This paper introduces the Parsimonious Dynamic Mode Decomposition (parsDMD), a novel algorithm designed to automatically select an optimally sparse subset of dynamic modes for both spatiotemporal and purely temporal data. By incorporating time-delay embedding and leveraging Orthogonal Matching Pursuit (OMP), parsDMD ensures robustness against noise and effectively handles complex, nonlinear dynamics. The algorithm is validated on a diverse range of datasets, including standing wave signals, identifying hidden dynamics, fluid dynamics simulations (flow past a cylinder and transonic buffet), and atmospheric sea-surface temperature (SST) data. ParsDMD addresses a significant limitation of the traditional sparsity-promoting DMD (spDMD), which requires manual tuning of sparsity parameters through a rigorous trial-and-error process to balance between single-mode and all-mode solutions. In contrast, parsDMD autonomously determines the optimally sparse subset of modes without user intervention, while maintaining minimal computational complexity. Comparative analyses demonstrate that parsDMD consistently outperforms spDMD by providing more accurate mode identification and effective reconstruction in noisy environments. These advantages render parsDMD an effective tool for real-time diagnostics, forecasting, and reduced-order model construction across various disciplines.",2024-10-22 03:00:11+00:00,http://arxiv.org/abs/2410.16656v2
2412.16845v2,"['Zhigang Pu', 'Wenpei Long', 'Kun Xu']",2025-12-30 02:08:56+00:00,https://arxiv.org/pdf/2412.16845v2,Numerical Analysis,"['Numerical Analysis', 'Computational Physics']",A Gas-Kinetic Scheme for Maxwell Equations,"The Gas-Kinetic Scheme (GKS), widely used in computational fluid dynamics for simulating hypersonic and other complicated flow phenomena, is extended in this work to electromagnetic problems by solving Maxwell's equations. In contrast to the classical GKS formulation, the proposed scheme employs a discrete rather than a continuous velocity space. By evaluating a time-accurate numerical flux at cell interfaces, the proposed scheme attains second-order accuracy within a single step. Its kinetic formulation provides an inherently multidimensional framework, while the finite-volume formulation ensures straightforward extension to unstructured meshes. Through the incorporation of a collision process, the scheme exhibits lower numerical dissipation than classical flux-vector splitting (FVS) methods. Furthermore, the kinetic decomposition enables direct implementation of non-reflecting boundary conditions. The proposed scheme is validated against several benchmark problems and compared with established methods, including the Finite-Difference Time-Domain (FDTD) method and FVS. A lattice Boltzmann method (LBM) implementation is also included for comparative analysis. Finally, the technique is applied to simulate electromagnetic wave propagation in a realistic aircraft configuration, demonstrating its ability to model complex geometries.",2024-12-22 03:55:35+00:00,http://arxiv.org/abs/2412.16845v2
2602.02779v2,['Koji Koyamada'],2026-02-16 02:46:20+00:00,https://arxiv.org/pdf/2602.02779v2,Numerical Analysis,['Numerical Analysis'],Comparison of Trefftz-Based PINNs and Standard PINNs Focusing on Structure Preservation,"In this study, we investigate the capability of physics-informed neural networks (PINNs) to preserve global physical structures by comparing standard PINNs with a Trefftz-based PINN (Trefftz-PINN). The target problem is the reproduction of mag-netic field-line structures in a helical fusion reactor configuration. Using identical training data sampled from exact solutions, we perform comparisons under matched mean squared error (MSE) levels. Visualization of magnetic field lines reveals that standard PINNs may exhibit structural collapse across magnetic surfaces even when the MSE is sufficiently small, whereas Trefftz-PINNs successfully preserve the global topology of magnetic field lines. Furthermore, the proposed framework is extended to computational fluid dynamics (CFD) problems, where streamline structures of veloc-ity fields are analyzed. Similar tendencies are observed, demonstrating that Trefftz-PINNs provide superior structure preservation compared to standard PINNs. These results indicate that minimizing numerical error alone does not guarantee physical consistency, and that constraining the solution space prior to learning is an effective strategy for physics-consistent surrogate modeling.",2026-02-02 20:34:51+00:00,http://arxiv.org/abs/2602.02779v2
2403.03158v1,"['Christian Kuehn', 'Sebastian Throm']",2024-03-05 17:50:24+00:00,https://arxiv.org/pdf/2403.03158v1,Analysis of PDEs,['Analysis of PDEs'],The Amplitude Equation for the Space-Fractional Swift-Hohenberg Equation,"Non-local reaction-diffusion partial differential equations (PDEs) involving the fractional Laplacian have arisen in a wide variety of applications. One common tool to analyse the dynamics of classical local PDEs near instability is to derive local amplitude/modulation approximations, which provide local normal forms classifying a wide variety of pattern-formation phenomena. In this work, we study amplitude equations for the space-fractional Swift-Hohenberg equation. The Swift-Hohenberg equation is a basic model problem motivated by pattern formation in fluid dynamics and has served as one of the main PDEs to develop general techniques to derive amplitude equations. We prove that there exists near the first bifurcation point an approximation by a (real) Ginzburg-Landau equation. Interestingly, this Ginzburg-Landau equation is a local PDE, which provides a rigorous justification of the physical conjecture that suitably localized unstable modes can out-compete superdiffusion and re-localize a PDE near instability. Our main technical contributions are to provide a suitable function space setting for the approximation problem, and to then bound the residual between the original PDE and its amplitude equation.",2024-03-05 17:50:24+00:00,http://arxiv.org/abs/2403.03158v1
2304.00338v1,"['Brian R. Bartoldson', 'Yeping Hu', 'Amar Saini', 'Jose Cadena', 'Yucheng Fu', 'Jie Bao', 'Zhijie Xu', 'Brenda Ng', 'Phan Nguyen']",2023-04-01 15:42:18+00:00,https://arxiv.org/pdf/2304.00338v1,Machine Learning,"['Machine Learning', 'Numerical Analysis']",Scientific Computing Algorithms to Learn Enhanced Scalable Surrogates for Mesh Physics,"Data-driven modeling approaches can produce fast surrogates to study large-scale physics problems. Among them, graph neural networks (GNNs) that operate on mesh-based data are desirable because they possess inductive biases that promote physical faithfulness, but hardware limitations have precluded their application to large computational domains. We show that it is \textit{possible} to train a class of GNN surrogates on 3D meshes. We scale MeshGraphNets (MGN), a subclass of GNNs for mesh-based physics modeling, via our domain decomposition approach to facilitate training that is mathematically equivalent to training on the whole domain under certain conditions. With this, we were able to train MGN on meshes with \textit{millions} of nodes to generate computational fluid dynamics (CFD) simulations. Furthermore, we show how to enhance MGN via higher-order numerical integration, which can reduce MGN's error and training time. We validated our methods on an accompanying dataset of 3D $\text{CO}_2$-capture CFD simulations on a 3.1M-node mesh. This work presents a practical path to scaling MGN for real-world applications.",2023-04-01 15:42:18+00:00,http://arxiv.org/abs/2304.00338v1
2405.20826v2,"['Ruizhi Gong', 'Deng-Shan Wang']",2024-09-21 08:06:18+00:00,https://arxiv.org/pdf/2405.20826v2,Pattern Formation and Solitons,"['Pattern Formation and Solitons', 'Mathematical Physics', 'Analysis of PDEs', 'Exactly Solvable and Integrable Systems']",Modulation theory of soliton-mean flow in KdV equation with box type initial data,"For the KdV equation with box type initial data, the interaction between a trial soliton and large-scale dispersive mean flow is studied theoretically and numerically. The pure box initial value can cause rarefaction wave and dispersive shock wave, and can create an area of soliton train. The key to the interaction of soliton and mean flow is that the dynamic evolutions of the mean flow and the local soliton can be described by the same modulation system. The soliton modulation system is derived from the degenerations of the two-genus Whitham modulation system. Considering the influence of rarefaction wave, dispersive shock wave and soliton train on the trial soliton, in the framework of Whitham modulation theory, the equation describing the soliton trajectory and the changes in amplitude and phase shift are given explicitly. The predicted results are compared with the numerical simulations, which verifies the corrections of the theoretical analysis. The exotic interaction phenomena between soliton and mean flow found in this work have broad applications to shallow water soliton propagations and real soliton experiments in fluid dynamics.",2024-05-31 14:19:31+00:00,http://arxiv.org/abs/2405.20826v2
2512.21548v1,"['Xinliang An', 'Haoyang Chen', 'Fulin Qi', 'Wenze Su']",2025-12-25 07:36:38+00:00,https://arxiv.org/pdf/2512.21548v1,Analysis of PDEs,"['Analysis of PDEs', 'Mathematical Physics']",Shock Formation for Compressible Euler Equations on $\mathbb{S}^2$,"In this paper, we prove the finite-time shock formation for the compressible Euler equations on the two-dimensional sphere $\mathbb{S}^2$. In contrast to the flat Euclidean case $\mathbb{R}^2$, the geometry of $\mathbb S^2$ imposes new difficulties, and the fluid dynamics are affected by the curved background. To overcome these challenges, we modify the existing modulation method and employ a set of carefully constructed, time-dependent coordinates that precisely track the shock formation on $\mathbb{S}^2$. In particular, we first perform a time-dependent rotation of $\mathbb S^2$, then apply the stereographic projection to the sphere, straighten the steepening shock front, and finally construct shock-adapted coordinates. In the shock-adapted coordinates, the compressible Euler equations on $\mathbb{S}^2$ can be recast into a form suitable for self-similar analysis. Within this framework, we implement a detailed bootstrap argument and establish global well-posedness for the self-similar system. After transferring these results back to the original physical system, we thereby demonstrate the finite-time shock formation on $\mathbb{S}^2$.",2025-12-25 07:36:38+00:00,http://arxiv.org/abs/2512.21548v1
2504.18248v2,"['Amirhossein Taran', 'Seevani Bali', 'Zeljko Tukovic', 'Vikram Pakrashi', 'Philip Cardiff']",2026-01-20 17:20:28+00:00,https://arxiv.org/pdf/2504.18248v2,Numerical Analysis,['Numerical Analysis'],A finite volume Simo-Reissner beam method for moored floating body dynamics,"This paper presents a novel finite volume mooring line model based on the geometrically exact Simo-Reissner beam model for analysing the interaction between a floating rigid body and its mooring lines. The coupled numerical model is implemented entirely within a finite volume-based discretisation framework using a popular computational fluid dynamics C++ toolbox, OpenFOAM. Unlike existing methods for modelling mooring lines, which rely on lumped mass models or finite element-based approaches, this work simulates the mooring cables using non-linear beam models implemented in a finite volume framework to account for bending, tensile, and torsional loading. This advancement makes the current work particularly valuable for simulating extreme sea conditions. The coupled model developed in this study has been validated and verified using experimental and numerical data for a floating box moored with four catenary mooring lines under regular wave conditions featuring different wave heights and periods. The results demonstrate strong agreement with both experimental and numerical data, highlighting the model's accuracy in capturing mooring dynamics and floating body motion.",2025-04-25 10:48:58+00:00,http://arxiv.org/abs/2504.18248v2
2511.02402v2,"[""Christophe Prud'Homme"", 'Vincent Chabannes', 'Laëtitia Giraldi', 'Agathe Chouippe', 'Céline Van Landeghem']",2025-11-10 10:57:01+00:00,https://arxiv.org/pdf/2511.02402v2,Analysis of PDEs,['Analysis of PDEs'],Two-way Coupling of Fluid--Structure Interaction for Elastic Magneto-Swimmers:A Finite Element ALE Approach,"Artificial micro-swimmers actuated by external magnetic fields hold significant promise for targeted biomedical applications, including drug delivery and micro-robot-assisted therapy. However, their dynamics remain challenging to control due to the complex nonlinear coupling between magnetic actuation, elastic deformations, and fluid interactions in confined biological environments. Numerical modeling is therefore essential to better understand, predict, and optimize their behavior for practical applications. In this work, we present a comprehensive finite element framework based on the Arbitrary Lagrangian--Eulerian formulation to simulate deformable elastic micro-swimmers in confined fluid domains. The method employs a full-order model that resolves the complete fluid dynamics while simultaneously tracking swimmer deformation and global displacement on conforming meshes. Numerical experiments are performed with the open-source finite element library Feel++, demonstrating excellent agreement with experimental data from the literature. The validation benchmarks in both two and three dimensions confirm the accuracy, robustness, and computational efficiency of the proposed framework, representing a foundational step toward developing digital twins of magneto-swimmers for biomedical applications.",2025-11-04 09:32:50+00:00,http://arxiv.org/abs/2511.02402v2
2508.05831v1,"['Alexander DeLise', 'Kyle Loh', 'Krish Patel', 'Meredith Teague', 'Andrea Arnold', 'Matthias Chung']",2025-08-07 20:17:07+00:00,https://arxiv.org/pdf/2508.05831v1,Machine Learning,"['Machine Learning', 'Numerical Analysis']",Optimal Linear Baseline Models for Scientific Machine Learning,"Across scientific domains, a fundamental challenge is to characterize and compute the mappings from underlying physical processes to observed signals and measurements. While nonlinear neural networks have achieved considerable success, they remain theoretically opaque, which hinders adoption in contexts where interpretability is paramount. In contrast, linear neural networks serve as a simple yet effective foundation for gaining insight into these complex relationships. In this work, we develop a unified theoretical framework for analyzing linear encoder-decoder architectures through the lens of Bayes risk minimization for solving data-driven scientific machine learning problems. We derive closed-form, rank-constrained linear and affine linear optimal mappings for forward modeling and inverse recovery tasks. Our results generalize existing formulations by accommodating rank-deficiencies in data, forward operators, and measurement processes. We validate our theoretical results by conducting numerical experiments on datasets from simple biomedical imaging, financial factor analysis, and simulations involving nonlinear fluid dynamics via the shallow water equations. This work provides a robust baseline for understanding and benchmarking learned neural network models for scientific machine learning problems.",2025-08-07 20:17:07+00:00,http://arxiv.org/abs/2508.05831v1
2509.20833v1,"['Nidia Reyes-Gil', 'Greg Thomsen', 'Kristopher Rowe', 'Peter Diamessis']",2025-09-25 07:20:59+00:00,https://arxiv.org/pdf/2509.20833v1,Fluid Dynamics,"['Fluid Dynamics', 'Numerical Analysis', 'Computational Physics']",A Fourier/Modal-Spectral-Element Method for the Simulation of High-Reynolds Number Incompressible Stratified Flows in Domains with a Single Non-Periodic Direction,"We present the components of a high-order accurate Navier-Stokes solver designed to simulate high-Reynolds-number stratified flows. The proposed numerical model addresses some of the numerical and computational challenges that high-Reynolds-number simulations pose, facilitating the reproduction of stratified turbulent fluid dynamics typically observed in oceanic and atmospheric flows, namely the development of thin regions of high vertical shear, strongly layered turbulence at high Reynolds numbers and internal wave radiation. This Navier-Stokes solver utilizes a Fourier pseudo-spectral method in the horizontal direction and a modal spectral element discretization in the vertical. We adopt an implicit-explicit time discretization scheme that involves solving several one-dimensional Helmholtz problems at each time step. Static condensation and modal boundary-adapted basis functions result in an inexpensive algorithm based on solving many small tridiagonal systems. A series of benchmark studies is presented to demonstrate the robustness of the flow solver. These include two-dimensional and three-dimensional problems, concluding with a turbulent stratified wake generated by a sphere in linear stratification.",2025-09-25 07:20:59+00:00,http://arxiv.org/abs/2509.20833v1
2401.17668v1,"['Erika Hausenblas', 'Boris Jidjou Moghomye']",2024-01-31 08:43:18+00:00,https://arxiv.org/pdf/2401.17668v1,Probability,['Probability'],A Meta Theorem for nonlinear stochastic coupled systems: Application to stochastic chemotaxis-Stokes porous media,"The purpose of the paper is twofold. Firstly, we want to present a Meta Theorem to show the existence of a martingale solution for coupled systems of non-linear stochastic differential equations. The idea is first to split the system by rewriting the non-linear part in a linear part acting on a given process $ξ$. This is done in such a way that the fixpoint with respect to $ξ$ would be the solution. However, to show the well posedness of the {\sl linearized} system, one needs a cut-off argument. Under which conditions one can handle the limits of the cut-off parameter to get in the end a martingale solution of the original system is given in the Meta-Theorem.
  Secondly, we want to verify the full applicability of the Meta Theorem by showing the existence of a martingale solution of a highly nonlinear chemotaxis system with underlying fluid dynamic.",2024-01-31 08:43:18+00:00,http://arxiv.org/abs/2401.17668v1
2511.02308v1,"['Tapan Jana', 'Amit Shaw', 'L. S. Ramachandra']",2025-11-04 06:45:36+00:00,https://arxiv.org/pdf/2511.02308v1,Fluid Dynamics,"['Fluid Dynamics', 'Numerical Analysis']",Simulation of a Non-Newtonian drop impact on a rigid surface: A mess-free approach,"The present study explores the impact of a non-Newtonian fluid drop on a rigid surface using a mesh-free approach, Smoothed Particle Hydrodynam-ics. The complex interaction between viscous and elastic forces during drop impact may be reproduced by integrating the Oldroyd-B model, which de-scribes viscoelastic fluids, into the developed computational framework. A suit-able boundary condition is assumed for interaction between fluid and solid sur-faces. The ongoing study examines how a droplet deforms, spreads, and recoils after an impact due to its viscoelasticity. The developed computational frame-work is validated by comparing results from existing literature, providing an understanding of how viscoelasticity influences drop-impact behaviour and opening up new avenues for subsequent research in fluid dynamic problems.",2025-11-04 06:45:36+00:00,http://arxiv.org/abs/2511.02308v1
2311.05395v1,"['Arnaud G. Malan', 'Jan Nordstrom']",2023-11-09 14:25:43+00:00,https://arxiv.org/pdf/2311.05395v1,Numerical Analysis,['Numerical Analysis'],An SBP-SAT Continuous Galerkin Finite Element Formulation for Smooth and Discontinuous Fields,"The high-order accurate continuous Galerkin finite element method offers attractive computational efficiency for computational fluid dynamics. A challenge is however spurious oscillations which result for convection dominated flows over discontinuities. To derive a continuous Galerkin scheme for both smooth and discontinuous fields we start by first writing the scheme in Summation-by-Parts (SBP) form for a single element mesh. Boundary conditions are applied weakly via Simultaneous-Approximation-Terms (SAT) and Gauss-Labotto quadrature employed in the interest of computational efficiency. We then show that the stable single element baseline scheme in SBP-SAT form extends trivially to a provably stable multi-element formulation. Next, we develop provably stable element based Galerkin-weighted artificial dissipation operators to deal with spurious oscillations over shocks while retaining high order accuracy elsewhere. The resulting scheme achieves super-convergence with accuracy of Order(p+2) when using p^th order Lagrange polynomials for smooth fields. The developed dissipation operators furnish WENO like behaviour over discontinuities while retaining high order accuracy elsewhere for both linear and non-linear wave propagation problems.",2023-11-09 14:25:43+00:00,http://arxiv.org/abs/2311.05395v1
2502.00427v1,"['Igor Kukavica', 'Maria Carmela Lombardo', 'Marco Sammartino']",2025-02-01 13:31:13+00:00,https://arxiv.org/pdf/2502.00427v1,Analysis of PDEs,"['Analysis of PDEs', 'Mathematical Physics']",On the local analyticity for the Euler equations,"In this paper, we study the existence and uniqueness of solutions to the Euler equations with initial conditions that exhibit analytic regularity near the boundary and Sobolev regularity away from it. A key contribution of this work is the introduction of the diamond-analyticity framework, which captures the spatial decay of the analyticity radius in a structured manner, improving upon uniform analyticity approaches. We employ the Leray projection and a nonstandard mollification technique to demonstrate that the quotient between the imaginary and real parts of the analyticity radius remains unrestricted, thus extending the analyticity persistence results beyond traditional constraints. Our methodology combines analytic-Sobolev estimates with an iterative scheme which is nonstandard in the Cauchy-Kowalevskaya framework, ensuring rigorous control over the evolution of the solution. These results contribute to a deeper understanding of the interplay between analyticity and boundary effects in fluid equations. They might have implications for the study of the inviscid limit of the Navier-Stokes equations and the role of complex singularities in fluid dynamics.",2025-02-01 13:31:13+00:00,http://arxiv.org/abs/2502.00427v1
2510.16860v1,"['Nan Zheng', 'Wenlong Pei', 'Qingguang Guan', 'Wenju Zhao']",2025-10-19 14:44:50+00:00,https://arxiv.org/pdf/2510.16860v1,Numerical Analysis,['Numerical Analysis'],"Unconditionally Stable, Variable Step DLN Methods for the Allen-Cahn Active Fluid Model: A Divergence-free Preserving Approach","This paper addresses the divergence-free mixed finite element method (FEM) for nonlinear fourth-order Allen-Cahn phase field coupled active fluid equations. By introducing an auxiliary variable $w = Δu$, the original fourth-order problem is converted into a system of second-order equations, thereby easing the regularity constraints imposed on standard $H^2$-comforming finite element spaces. To further refine the formulation, an additional auxiliary variable $ξ$, analogous to the pressure, is introduced, resulting in a mixed finite element scheme that preserves the divergence-free condition in $which = Δu$ inherited from the model. A fully discrete scheme is then established by combining the spatial approximation by the divergence-free mixed finite element method with the variable-step Dahlquist-Liniger-Nevanlinna (DLN) time integrator. The boundedness of the scheme is rigorously derived under suitable regularity assumptions. Additionally, an adaptive time-stepping strategy based on the minimum dissipation criterion is carried out to enhance computational efficiency. Several numerical experiments validate the theoretical findings and demonstrate the method's effectiveness and accuracy in simulating complex active fluid dynamics.",2025-10-19 14:44:50+00:00,http://arxiv.org/abs/2510.16860v1
2503.03109v1,['Weifan Liu'],2025-03-05 02:08:31+00:00,https://arxiv.org/pdf/2503.03109v1,Computational Physics,"['Computational Physics', 'Numerical Analysis']",A parallel-in-time method based on the Parareal algorithm and High-Order Dynamic Mode Decomposition with applications to fluid simulations,"The high cost of sequential time integration is one major constraint that limits the speedup of a time-parallel algorithm like the Parareal algorithm due to the difficulty of coarsening time steps in a stiff numerical problem. To address this challenge, we develop a parallel-in-time approach based on the Parareal algorithm, in which we construct a novel coarse solver using a data-driven method based on Dynamic Mode Decomposition in place of a classic time marching scheme. The proposed solver computes an approximation of the solution using two numerical schemes of different accuracies in parallel, and apply High-Order Dynamic Mode Decomposition (HODMD) to reduce the cost of sequential computations. Compared to the original Parareal algorithm, the proposed approach allows for the construction of low-cost coarse solvers for many complicated stiff problems. We demonstrate through several numerical examples in fluid dynamics that the proposed method can effectively reduce the serial computation cost and improve the parallel speedup of long-time simulations which are hard to accelerate using the original Parareal algorithm.",2025-03-05 02:08:31+00:00,http://arxiv.org/abs/2503.03109v1
2504.15285v2,"['Mario de Lucio', 'Jacobo Diaz', 'Alberto de Castro', 'Luis E. Romera']",2025-05-15 17:59:31+00:00,https://arxiv.org/pdf/2504.15285v2,Medical Physics,"['Medical Physics', 'Computational Engineering, Finance, and Science', 'Numerical Analysis']",AneuPy: An open source Python tool for creating simulation-ready geometries of abdominal aortic aneurysms,"Abdominal aortic aneurysms (AAAs) are localized dilatations of the abdominal aorta that can lead to life-threatening rupture if left untreated. AAAs primarily affect older individuals, with high mortality rates following rupture, so early diagnosis and risk assessment are critical. The geometrical characteristics of an AAA, such as its maximum diameter, asymmetry, and wall thickness, are extremely significant in biomechanical models for the assessment of rupture risk. Despite the growing use of computational modeling for AAA investigation, there is a notable gap in accessible, open-source software capable of generating simulation-ready geometries for biomechanical and hemodynamic simulations. To address this gap, we introduce \textbf{AneuPy}, an open-source Python-based tool designed to create both idealized and patient-specific AAA geometric models. \textbf{AneuPy} is a fast and automated approach for generating aneurysm geometries from minimal input data, allowing for extensive parameter customization. By automating the creation of simulation-ready geometries for finite element analysis (FEA), computational fluid dynamics (CFD), or fluid-structure interaction (FSI) models, \textbf{AneuPy} can facilitate research in AAA and improve patient-specific risk prediction.",2025-03-13 16:05:32+00:00,http://arxiv.org/abs/2504.15285v2
2302.12625v1,"['Arash Hajisharifi', 'Francesco Romano`', 'Michele Girfoglio', 'Andrea Beccari', 'Domenico Bonanni', 'Gianluigi Rozza']",2023-02-24 13:37:29+00:00,https://arxiv.org/pdf/2302.12625v1,Fluid Dynamics,"['Fluid Dynamics', 'Numerical Analysis']",A Non-Intrusive Data-Driven Reduced Order Model for Parametrized CFD-DEM Numerical Simulations,"The investigation of fluid-solid systems is very important in a lot of industrial processes. From a computational point of view, the simulation of such systems is very expensive, especially when a huge number of parametric configurations needs to be studied. In this context, we develop a non-intrusive data-driven reduced order model (ROM) built using the proper orthogonal decomposition with interpolation (PODI) method for Computational Fluid Dynamics (CFD) -- Discrete Element Method (DEM) simulations. The main novelties of the proposed approach rely in (i) the combination of ROM and FV methods, (ii) a numerical sensitivity analysis of the ROM accuracy with respect to the number of POD modes and to the cardinality of the training set and (iii) a parametric study with respect to the Stokes number. We test our ROM on the fluidized bed benchmark problem. The accuracy of the ROM is assessed against results obtained with the FOM both for Eulerian (the fluid volume fraction) and Lagrangian (position and velocity of the particles) quantities. We also discuss the efficiency of our ROM approach.",2023-02-24 13:37:29+00:00,http://arxiv.org/abs/2302.12625v1
2411.09888v1,"['Rômulo Damasclin Chaves dos Santos', 'Jorge Henrique de Oliveira Sales']",2024-11-15 02:19:46+00:00,https://arxiv.org/pdf/2411.09888v1,Analysis of PDEs,['Analysis of PDEs'],Quantum-Inspired Stochastic Modeling and Regularity Analysis in Turbulent Flows,"This paper introduces a novel mathematical framework for examining the regularity and energy dissipation properties of solutions to the stochastic Navier-Stokes equations. By integrating Sobolev-Besov hybrid spaces, fractional differential operators, and quantum-inspired modeling techniques, we provide a comprehensive analysis that captures the multiscale and chaotic dynamics inherent in turbulent flows. Central to this framework is a Schrödinger-type operator adapted for fluid dynamics, which encapsulates quantum-scale turbulence effects, thereby elucidating the mechanisms of energy redistribution across scales. Additionally, we develop anisotropic stochastic models with direction-dependent viscosity, characterized by a pseudo-differential operator and a covariance matrix governing directional diffusion. These models more accurately reflect real-world turbulence, where viscosity varies with flow orientation, enhancing both theoretical insights and practical simulation capabilities. Our main contributions include new regularity theorems and rigorous a priori estimates for solutions in Sobolev-Besov spaces, alongside proofs of energy dissipation properties in anisotropic contexts. These findings advance the understanding of fluid turbulence by offering a refined approach to studying scale interactions, stochastic effects, and anisotropy in turbulent flows.",2024-11-15 02:19:46+00:00,http://arxiv.org/abs/2411.09888v1
2504.06297v1,['Shan Gao'],2025-04-07 08:44:17+00:00,https://arxiv.org/pdf/2504.06297v1,Analysis of PDEs,"['Analysis of PDEs', 'Fluid Dynamics', 'History and Philosophy of Physics']","Comment on ""Hilbert's Sixth Problem: Derivation of Fluid Equations via Boltzmann's Kinetic Theory"" by Deng, Hani, and Ma","Deng, Hani, and Ma [arXiv:2503.01800] claim to resolve Hilbert's Sixth Problem by deriving the Navier-Stokes-Fourier equations from Newtonian mechanics via an iterated limit: a Boltzmann-Grad limit (\(\varepsilon \to 0\), \(N \varepsilon^{d-1} = α\) fixed) yielding the Boltzmann equation, followed by a hydrodynamic limit (\(α\to \infty\)) to obtain fluid dynamics. Though mathematically rigorous, their approach harbors two critical physical flaws. First, the vanishing volume fraction (\(N \varepsilon^d \to 0\)) confines the system to a dilute gas, incapable of embodying dense fluid properties even as \(α\) scales, rendering the resulting equations a rescaled gas model rather than a true continuum. Second, the Boltzmann equation's reliance on molecular chaos collapses in fluid-like regimes, where recollisions and correlations invalidate its derivation from Newtonian dynamics. These inconsistencies expose a disconnect between the formalism and the physical essence of fluids, failing to capture emergent, density-driven phenomena central to Hilbert's vision. We contend that the Sixth Problem remains open, urging a rethink of classical kinetic theory's limits and the exploration of alternative frameworks to unify microscale mechanics with macroscale fluid behavior.",2025-04-07 08:44:17+00:00,http://arxiv.org/abs/2504.06297v1
2510.24173v1,"['Yiheng Du', 'Aditi S. Krishnapriyan']",2025-10-28 08:27:37+00:00,https://arxiv.org/pdf/2510.24173v1,Machine Learning,"['Machine Learning', 'Dynamical Systems', 'Numerical Analysis', 'Fluid Dynamics']",EddyFormer: Accelerated Neural Simulations of Three-Dimensional Turbulence at Scale,"Computationally resolving turbulence remains a central challenge in fluid dynamics due to its multi-scale interactions. Fully resolving large-scale turbulence through direct numerical simulation (DNS) is computationally prohibitive, motivating data-driven machine learning alternatives. In this work, we propose EddyFormer, a Transformer-based spectral-element (SEM) architecture for large-scale turbulence simulation that combines the accuracy of spectral methods with the scalability of the attention mechanism. We introduce an SEM tokenization that decomposes the flow into grid-scale and subgrid-scale components, enabling capture of both local and global features. We create a new three-dimensional isotropic turbulence dataset and train EddyFormer to achieves DNS-level accuracy at 256^3 resolution, providing a 30x speedup over DNS. When applied to unseen domains up to 4x larger than in training, EddyFormer preserves accuracy on physics-invariant metrics-energy spectra, correlation functions, and structure functions-showing domain generalization. On The Well benchmark suite of diverse turbulent flows, EddyFormer resolves cases where prior ML models fail to converge, accurately reproducing complex dynamics across a wide range of physical conditions.",2025-10-28 08:27:37+00:00,http://arxiv.org/abs/2510.24173v1
2601.22854v1,"['Cedric Riethmüller', 'Erlend Storvik']",2026-01-30 11:24:58+00:00,https://arxiv.org/pdf/2601.22854v1,Numerical Analysis,['Numerical Analysis'],On the convergence and efficiency of splitting schemes for the Cahn-Hilliard-Biot model,"In this paper, we present a novel solution strategy for the Cahn-Hilliard-Biot model, a three-way coupled system that features the interplay of solid phase separation, fluid dynamics, and elastic deformations in porous media. It is a phase-field model that combines the Cahn-Hilliard regularized interface equation and Biot's equations of poroelasticity. Solving the system poses significant challenges due to its coupled, nonlinear, and non-convex nature. The main goal of this work is to provide a consistent and efficient solution strategy. With this in mind, we introduce a semi-implicit time discretization such that the resulting discrete system is equivalent to a convex minimization problem. Then, using abstract theory for convex problems, we prove the convergence of an alternating minimization method to the time-discrete system. The solution strategy is relatively flexible in terms of spatial discretization, although we require standard inverse inequalities for the guaranteed convergence of the alternating minimization method. Finally, we perform some numerical experiments that show the promise of the proposed solution strategy, both in terms of efficiency and robustness.",2026-01-30 11:24:58+00:00,http://arxiv.org/abs/2601.22854v1
2305.10784v2,"['Egor Kornev', 'Sergey Dolgov', 'Karan Pinto', 'Markus Pflitsch', 'Michael Perelshtein', 'Artem Melnikov']",2023-05-23 15:22:04+00:00,https://arxiv.org/pdf/2305.10784v2,Fluid Dynamics,"['Fluid Dynamics', 'Numerical Analysis', 'Quantum Physics']",Numerical solution of the incompressible Navier-Stokes equations for chemical mixers via quantum-inspired Tensor Train Finite Element Method,"The solution of computational fluid dynamics problems is one of the most computationally hard tasks, especially in the case of complex geometries and turbulent flow regimes. We propose to use Tensor Train (TT) methods, which possess logarithmic complexity in problem size and have great similarities with quantum algorithms in the structure of data representation. We develop the Tensor train Finite Element Method -- TetraFEM -- and the explicit numerical scheme for the solution of the incompressible Navier-Stokes equation via Tensor Trains. We test this approach on the simulation of liquids mixing in a T-shape mixer, which, to our knowledge, was done for the first time using tensor methods in such non-trivial geometries. As expected, we achieve exponential compression in memory of all FEM matrices and demonstrate an exponential speed-up compared to the conventional FEM implementation on dense meshes. In addition, we discuss the possibility of extending this method to a quantum computer to solve more complex problems. This paper is based on work we conducted for Evonik Industries AG.",2023-05-18 07:54:56+00:00,http://arxiv.org/abs/2305.10784v2
2402.11719v1,"['Bodhinanda Chandra', 'Ryota Hashimoto', 'Ken Kamrin', 'Kenichi Soga']",2024-02-18 21:58:24+00:00,https://arxiv.org/pdf/2402.11719v1,Numerical Analysis,"['Numerical Analysis', 'Fluid Dynamics']","Mixed material point method formulation, stabilization, and validation for a unified analysis of free-surface and seepage flow","This paper presents a novel stabilized mixed material point method (MPM) designed for the unified modeling of free-surface and seepage flow. The unified formulation integrates the Navier-Stokes equation with the Darcy-Brinkman-Forchheimer equation, effectively capturing flows in both non-porous and porous domains. In contrast to the conventional Eulerian computational fluid dynamics (CFD) solver, which solves the velocity and pressure fields as unknown variables, the proposed method employs a monolithic displacement-pressure formulation adopted from the mixed-form updated-Lagrangian finite element method (FEM). To satisfy the discrete inf-sup stability condition, a stabilization strategy based on the variational multiscale method (VMS) is derived and integrated into the proposed formulation. Another distinctive feature is the implementation of blurred interfaces, which facilitate a seamless and stable transition of flows between free and porous domains, as well as across two distinct porous media. The efficacy of the proposed formulation is verified and validated through several benchmark cases in 1D, 2D, and 3D scenarios. Conducted numerical examples demonstrate enhanced accuracy and stability compared to analytical, experimental, and other numerical solutions.",2024-02-18 21:58:24+00:00,http://arxiv.org/abs/2402.11719v1
2303.13914v1,"['Alberto Zingaro', 'Christian Vergara', ""Luca Dede'"", 'Francesco Regazzoni', 'Alfio Quarteroni']",2023-03-24 10:59:26+00:00,https://arxiv.org/pdf/2303.13914v1,"Computational Engineering, Finance, and Science","['Computational Engineering, Finance, and Science', 'Numerical Analysis', 'Computational Physics']",A comprehensive mathematical model for cardiac perfusion,"We present a novel mathematical model that simulates myocardial blood perfusion by embedding multiscale and multiphysics features. Our model incorporates cardiac electrophysiology, active and passive mechanics, hemodynamics, reduced valve modeling, and a multicompartment Darcy model of perfusion. We consider a fully coupled electromechanical model of the left heart that provides input for a fully coupled Navier-Stokes - Darcy Model for myocardial perfusion. The fluid dynamics problem is modeled in a left heart geometry that includes large epicardial coronaries, while the multicompartment Darcy model is set in a biventricular domain. Using a realistic and detailed cardiac geometry, our simulations demonstrate the accuracy of our model in describing cardiac perfusion, including myocardial blood flow maps. Additionally, we investigate the impact of a regurgitant aortic valve on myocardial perfusion, and our results indicate a reduction in myocardial perfusion due to blood flow taken away by the left ventricle during diastole. To the best of our knowledge, our work represents the first instance where electromechanics, hemodynamics, and perfusion are integrated into a single computational framework.",2023-03-24 10:59:26+00:00,http://arxiv.org/abs/2303.13914v1
2503.00768v2,"['Jiaming Guo', 'Dunhui Xiao']",2025-03-04 07:44:33+00:00,https://arxiv.org/pdf/2503.00768v2,Numerical Analysis,['Numerical Analysis'],Nonlinear Model Reduction by Probabilistic Manifold Decomposition,"This paper presents a novel non-linear model reduction method: Probabilistic Manifold Decomposition (PMD), which provides a powerful framework for constructing non-intrusive reduced-order models (ROMs) by embedding a high-dimensional system into a low-dimensional probabilistic manifold and predicting the dynamics. Through explicit mappings, PMD captures both linearity and non-linearity of the system. A key strength of PMD lies in its predictive capabilities, allowing it to generate stable dynamic states based on embedded representations.
  The method also offers a mathematically rigorous approach to analyze the convergence of linear feature matrices and low-dimensional probabilistic manifolds, ensuring that sample-based approximations converge to the true data distributions as sample sizes increase. These properties, combined with its computational efficiency, make PMD a versatile tool for applications requiring high accuracy and scalability, such as fluid dynamics simulations and other engineering problems. By preserving the geometric and probabilistic structures of the high-dimensional system, PMD achieves a balance between computational speed, accuracy, and predictive capabilities, positioning itself as a robust alternative to the traditional model reduction method.",2025-03-02 07:26:43+00:00,http://arxiv.org/abs/2503.00768v2
2507.08630v2,"['Owen M. Brook', 'Jason J. Bramburger', 'Davide Amato', 'Urban Fasel']",2025-08-13 16:00:24+00:00,https://arxiv.org/pdf/2507.08630v2,Dynamical Systems,"['Dynamical Systems', 'Optimization and Control']",Data-Driven Stabilisation of Unstable Periodic Orbits of the Three-Body Problem,"Many different models of the physical world exhibit chaotic dynamics, from fluid flows and chemical reactions to celestial mechanics. The study of the three-body problem (3BP) and its many different families of unstable periodic orbits (UPOs) have provided fundamental insight into chaotic dynamics as far back as the 19th century. The 3BP, a conservative system, is inherently challenging to sample due to its volume-preservation property. In this paper we present an interpretable data-driven approach for the state-dependent control of UPOs in the 3BP, through leveraging the inherent sensitivity of chaos and the local manifold structure. We overcome the sampling challenge by utilising prior knowledge of UPOs and a novel augmentation strategy. This enables sample-efficient discovery of a verifiable and accurate local Poincaré map in as few as 55 data points. We suggest that the Poincaré map is best discovered at a surface of section where the norm of the monodromy matrix, i.e. the local sensitivity to small perturbations, is the smallest. To stabilise the UPOs, we apply small velocity impulses once each period, determined by solving a convex system of linear matrix inequalities based on the linearised map. We constrain the norm of the decision variables used to solve this system, resulting in locally optimal velocity impulses directed along the local stable manifold. Critically, this behaviour is achieved in a computationally efficient manner. We demonstrate this sample-efficient and low-energy method across several orbit families in the 3BP, with potential applications ranging from robotics and spacecraft control to fluid dynamics.",2025-07-11 14:32:09+00:00,http://arxiv.org/abs/2507.08630v2
2304.10521v1,"['Philippe G. LeFloch', 'Jean-Marc Mercier']",2023-04-20 17:52:00+00:00,https://arxiv.org/pdf/2304.10521v1,Numerical Analysis,['Numerical Analysis'],A class of mesh-free algorithms for some problems arising in finance and machine learning,"We introduce a numerical methodology, referred to as the transport-based mesh-free method, which allows us to deal with continuous, discrete, or statistical models in the same unified framework, and leads us to a broad class of numerical algorithms recently implemented in a Python library (namely, CodPy). Specifically, we propose a mesh-free discretization technique based on the theory of reproducing kernels and the theory of transport mappings, in a way that is reminiscent of Lagrangian methods in computational fluid dynamics. We introduce kernel-based discretizations of a variety of differential and discrete operators (gradient, divergence, Laplacian, Leray projection, extrapolation, interpolation, polar factorization). The proposed algorithms are nonlinear in nature and enjoy quantitative error estimates based on the notion of discrepancy error, which allows one to evaluate the relevance and accuracy of, both, the given data and the numerical solutions. Our strategy is relevant when a large number of degrees of freedom are present as is the case in mathematical finance and machine learning. We consider the Fokker-Planck-Kolmogorov system (relevant for problems arising in finance and material dynamics) and a class of neural networks based on support vector machines.",2023-04-20 17:52:00+00:00,http://arxiv.org/abs/2304.10521v1
2411.05486v1,"['Simone Brivio', 'Stefania Fresca', 'Andrea Manzoni']",2024-11-08 11:32:33+00:00,https://arxiv.org/pdf/2411.05486v1,Numerical Analysis,"['Numerical Analysis', 'Machine Learning']",Handling geometrical variability in nonlinear reduced order modeling through Continuous Geometry-Aware DL-ROMs,"Deep Learning-based Reduced Order Models (DL-ROMs) provide nowadays a well-established class of accurate surrogate models for complex physical systems described by parametrized PDEs, by nonlinearly compressing the solution manifold into a handful of latent coordinates. Until now, design and application of DL-ROMs mainly focused on physically parameterized problems. Within this work, we provide a novel extension of these architectures to problems featuring geometrical variability and parametrized domains, namely, we propose Continuous Geometry-Aware DL-ROMs (CGA-DL-ROMs). In particular, the space-continuous nature of the proposed architecture matches the need to deal with multi-resolution datasets, which are quite common in the case of geometrically parametrized problems. Moreover, CGA-DL-ROMs are endowed with a strong inductive bias that makes them aware of geometrical parametrizations, thus enhancing both the compression capability and the overall performance of the architecture. Within this work, we justify our findings through a thorough theoretical analysis, and we practically validate our claims by means of a series of numerical tests encompassing physically-and-geometrically parametrized PDEs, ranging from the unsteady Navier-Stokes equations for fluid dynamics to advection-diffusion-reaction equations for mathematical biology.",2024-11-08 11:32:33+00:00,http://arxiv.org/abs/2411.05486v1
2502.14466v1,"['N. Garcia-Chan', 'L. J. Alvarez-Vazquez', 'A. Martinez', 'M. E. Vazquez-Mendez']",2025-02-20 11:40:56+00:00,https://arxiv.org/pdf/2502.14466v1,Numerical Analysis,['Numerical Analysis'],A multi-model study of the air pollution related to traffic flow in a two-dimensional porous metropolitan area,"In this paper, a useful reinterpretation of the city as a porous medium justifies the application of well-known models on fluid dynamics to develop a multi-model study of urban air pollution due to traffic flow in a large city. Thus, to simulate the traffic flow through the city we use a nonconservative macroscopic traffic model combining the continuity equation with the Darcy-Brinkman-Forchheimer equations. For the air flow, regarding the emission rate of CO$_2$ and its dispersion in the atmosphere, we combine a microscopic model -- based on regression techniques but depending on vehicles' velocity and acceleration -- with a classical convection-diffusion-reaction transport model. To solve numerically above PDEs models, the finite element method of Lagrange $\rm{P_1}$ type along with suitable time marching schemes (like the strong stability preserving scheme) were sufficient to obtain stable numerical solutions. Several computational tests were run on a realistic scenario inspired by the Metropolitan Area of Guadalajara (Mexico), showing not only the influence of the urban landscape (that is, the porosity) on traffic flow, air flow, and pollution transport, but also other interesting phenomena such as rarefaction traffic waves.",2025-02-20 11:40:56+00:00,http://arxiv.org/abs/2502.14466v1
2507.13356v1,['Daria Nikitaeva'],2025-06-16 18:57:18+00:00,https://arxiv.org/pdf/2507.13356v1,General Mathematics,['General Mathematics'],Unified Frequency-Domain Reconstruction and Boundary Adaptation for Incompressible Navier-Stokes Equations,"Global regularity for the three-dimensional incompressible Navier-Stokes equations remains unresolved partly because weak, mild, and strong formulations employ incompatible functional settings. The present study introduces a frequency-domain framework that reconciles these formulations within a single constructive scheme. Starting from Leray-Hopf data, a scale-dependent regularization operator combining mollification, Sobolev extension, and the Leray projector produces smooth, divergence-free approximations. Two bounded Fourier multipliers are then defined: an interpolation operator that blends low-frequency weak and high-frequency strong components, and a smoothing operator that yields uniform parabolic gain. Littlewood-Paley analysis, refined Calderon-Zygmund and Schauder estimates, and an explicit Galerkin scheme provide quantitative Hs a priori bounds and a lifespan controlled by the first Stokes eigenvalue. Compactness via the Aubin-Lions lemma and dominated convergence demonstrates that, as the regularization parameter vanishes, the approximations converge to a single velocity field satisfying simultaneously the weak energy identity, the Fujita-Kato mild formulation, and the strong formulation in Hs with s > 3/2. The construction furnishes a unified local solution and supplies operator bounds required for subsequent energy-vorticity bootstraps and global continuation arguments, clarifying the interplay between frequency localization and nonlinear estimates in fluid dynamics.",2025-06-16 18:57:18+00:00,http://arxiv.org/abs/2507.13356v1
2402.09319v2,"['Nico Dirkes', 'Fabian Key', 'Marek Behr']",2024-04-11 23:01:19+00:00,https://arxiv.org/pdf/2402.09319v2,Fluid Dynamics,"['Fluid Dynamics', 'Computational Engineering, Finance, and Science', 'Numerical Analysis']",Eulerian Formulation of the Tensor-Based Morphology Equations for Strain-Based Blood Damage Modeling,"The development of blood-handling medical devices, such as ventricular assist devices, requires the analysis of their biocompatibility. Among other aspects, this includes hemolysis, i.e., red blood cell damage. For this purpose, computational fluid dynamics (CFD) methods are employed to predict blood flow in prototypes. The most basic hemolysis models directly estimate red blood cell damage from fluid stress in the resulting flow field. More advanced models explicitly resolve cell deformation. On the downside, these models are typically written in a Lagrangian formulation, i.e., they require pathline tracking. We present a new Eulerian description of cell deformation, enabling the evaluation of the solution across the whole domain. The resulting hemolysis model can be applied to any converged CFD simulation due to one-way coupling with the fluid velocity field. We discuss the efficient numerical treatment of the model equations in a stabilized finite element context. We verify the model by comparison to the original Lagrangian formulation in selected benchmark flows. Two more complex test cases demonstrate the method's capabilities in real-world applications. The results highlight the advantages over previous hemolysis models. In conclusion, the model holds great potential for the design process of future generations of medical devices.",2024-02-14 17:14:24+00:00,http://arxiv.org/abs/2402.09319v2
2501.12940v1,"['Yusuke Ono', 'Simone Fiori', 'Linyu Peng']",2025-01-22 15:12:53+00:00,https://arxiv.org/pdf/2501.12940v1,Mathematical Physics,"['Mathematical Physics', 'Dynamical Systems', 'Numerical Analysis']",Euler--Poincaré reduction and the Kelvin--Noether theorem for discrete mechanical systems with advected parameters and additional dynamics,"The Euler--Poincaré equations, firstly introduced by Henri Poincaré in 1901, arise from the application of Lagrangian mechanics to systems on Lie groups that exhibit symmetries, particularly in the contexts of classical mechanics and fluid dynamics. These equations have been extended to various settings, such as semidirect products, advected parameters, and field theory, and have been widely applied to mechanics and physics. In this paper, we introduce the discrete Euler--Poincaré reduction for discrete Lagrangian systems on Lie groups with advected parameters and additional dynamics, utilizing the group difference map technique. Specifically, the group difference map is defined using either the Cayley transform or the matrix exponential. The continuous and discrete Kelvin--Noether theorems are extended accordingly, that account for Kelvin--Noether quantities of the corresponding continuous and discrete Euler--Poincaré equations. As an application, we show both continuous and discrete Euler--Poincaré formulations about the dynamics of underwater vehicles, followed by numerical simulations. Numerical results illustrate the scheme's ability to preserve geometric properties over extended time intervals, highlighting its potential for practical applications in the control and navigation of underwater vehicles, as well as in other domains.",2025-01-22 15:12:53+00:00,http://arxiv.org/abs/2501.12940v1
2407.19916v1,"['Giovanni Catalani', 'Siddhant Agarwal', 'Xavier Bertrand', 'Frederic Tost', 'Michael Bauerheim', 'Joseph Morlier']",2024-07-29 11:48:44+00:00,https://arxiv.org/pdf/2407.19916v1,"Computational Engineering, Finance, and Science","['Computational Engineering, Finance, and Science', 'Machine Learning', 'Numerical Analysis', 'Fluid Dynamics']",Aero-Nef: Neural Fields for Rapid Aircraft Aerodynamics Simulations,"This paper presents a methodology to learn surrogate models of steady state fluid dynamics simulations on meshed domains, based on Implicit Neural Representations (INRs). The proposed models can be applied directly to unstructured domains for different flow conditions, handle non-parametric 3D geometric variations, and generalize to unseen shapes at test time. The coordinate-based formulation naturally leads to robustness with respect to discretization, allowing an excellent trade-off between computational cost (memory footprint and training time) and accuracy. The method is demonstrated on two industrially relevant applications: a RANS dataset of the two-dimensional compressible flow over a transonic airfoil and a dataset of the surface pressure distribution over 3D wings, including shape, inflow condition, and control surface deflection variations. On the considered test cases, our approach achieves a more than three times lower test error and significantly improves generalization error on unseen geometries compared to state-of-the-art Graph Neural Network architectures. Remarkably, the method can perform inference five order of magnitude faster than the high fidelity solver on the RANS transonic airfoil dataset. Code is available at https://gitlab.isae-supaero.fr/gi.catalani/aero-nepf",2024-07-29 11:48:44+00:00,http://arxiv.org/abs/2407.19916v1
2312.11176v3,"['Ning Liu', 'Yiming Fan', 'Xianyi Zeng', 'Milan Klöwer', 'Lu Zhang', 'Yue Yu']",2024-06-04 22:43:59+00:00,https://arxiv.org/pdf/2312.11176v3,Machine Learning,"['Machine Learning', 'Computational Engineering, Finance, and Science', 'Numerical Analysis']",Harnessing the Power of Neural Operators with Automatically Encoded Conservation Laws,"Neural operators (NOs) have emerged as effective tools for modeling complex physical systems in scientific machine learning. In NOs, a central characteristic is to learn the governing physical laws directly from data. In contrast to other machine learning applications, partial knowledge is often known a priori about the physical system at hand whereby quantities such as mass, energy and momentum are exactly conserved. Currently, NOs have to learn these conservation laws from data and can only approximately satisfy them due to finite training data and random noise. In this work, we introduce conservation law-encoded neural operators (clawNOs), a suite of NOs that endow inference with automatic satisfaction of such conservation laws. ClawNOs are built with a divergence-free prediction of the solution field, with which the continuity equation is automatically guaranteed. As a consequence, clawNOs are compliant with the most fundamental and ubiquitous conservation laws essential for correct physical consistency. As demonstrations, we consider a wide variety of scientific applications ranging from constitutive modeling of material deformation, incompressible fluid dynamics, to atmospheric simulation. ClawNOs significantly outperform the state-of-the-art NOs in learning efficacy, especially in small-data regimes.",2023-12-18 13:21:49+00:00,http://arxiv.org/abs/2312.11176v3
2504.14721v1,"['Shenghan Mei', 'Ziqin He', 'Yidan Mei', 'Xin Mao', 'Anqi Dong', 'Ren Wang', 'Can Chen']",2025-04-20 19:28:20+00:00,https://arxiv.org/pdf/2504.14721v1,Systems and Control,"['Systems and Control', 'Dynamical Systems', 'Numerical Analysis']",Data-driven model order reduction for T-Product-Based dynamical systems,"Model order reduction plays a crucial role in simplifying complex systems while preserving their essential dynamic characteristics, making it an invaluable tool in a wide range of applications, including robotic systems, signal processing, and fluid dynamics. However, traditional model order reduction techniques like balanced truncation are not designed to handle tensor data directly and instead require unfolding the data, which may lead to the loss of important higher-order structural information. In this article, we introduce a novel framework for data-driven model order reduction of T-product-based dynamical systems (TPDSs), which are often used to capture the evolution of third-order tensor data such as images and videos through the T-product. Specifically, we develop advanced T-product-based techniques, including T-balanced truncation, T-balanced proper orthogonal decomposition, and the T-eigensystem realization algorithm for input-output TPDSs by leveraging the unique properties of T-singular value decomposition. We demonstrate that these techniques offer significant memory and computational savings while achieving reduction errors that are comparable to those of conventional methods. The effectiveness of the proposed framework is further validated through synthetic and real-world examples.",2025-04-20 19:28:20+00:00,http://arxiv.org/abs/2504.14721v1
2509.25116v1,"['Thomas Hou', 'Yixuan Wang', 'Changhe Yang']",2025-09-29 17:41:55+00:00,https://arxiv.org/pdf/2509.25116v1,Analysis of PDEs,['Analysis of PDEs'],Nonuniqueness of Leray-Hopf solutions to the unforced incompressible 3D Navier-Stokes Equation,"The nonuniqueness of Leray-Hopf solutions to the unforced incompressible 3D Navier-Stokes equations is one of the central open problems in mathematical fluid dynamics. In this paper, we provide, to our knowledge, the first rigorous computer-assisted proof demonstrating such nonuniqueness. Inspired by earlier works in this area, we construct a Leray-Hopf solution in the self-similar setting and then establish the existence of a second solution by analyzing the stability of the linearized operator around this profile, showing that it corresponds to an unstable perturbation. To achieve this, we develop an innovative numerical method that computes candidate solutions with high precision and propose a framework for rigorously establishing exact solutions in a neighborhood of these candidates. A key step is to decompose the linearized operator into a coercive part plus a compact perturbation, which is further approximated by a finite-rank operator up to a small error. The invertibility of the linearized operator restricted to the image of this finite-rank approximation is then rigorously verified using computer-assisted proofs. This certifies the existence of an unstable eigenpair and, consequently, yields a second solution - indeed, infinitely many Leray-Hopf solutions.",2025-09-29 17:41:55+00:00,http://arxiv.org/abs/2509.25116v1
2511.04580v1,"['Gohar T. Khokhar', 'Kyle Hanquist', 'Parham Oveissi', 'Alex Dorsey', 'Ankit Goel']",2025-11-06 17:37:04+00:00,https://arxiv.org/pdf/2511.04580v1,Optimization and Control,"['Optimization and Control', 'Computational Physics', 'Fluid Dynamics']",Computational Modeling and Learning-Based Adaptive Control of Solid-Fuel Ramjets,"Solid-fuel ramjets offer a compact, energy-dense propulsion option for long-range, high-speed flight but pose significant challenges for thrust regulation due to strong nonlinearities, limited actuation authority, and complex multi-physics coupling between fuel regression, combustion, and compressible flow. This paper presents a computational and control framework that combines a computational fluid dynamics model of an SFRJ with a learning-based adaptive control approach. A CFD model incorporating heat addition was developed to characterize thrust response, establish the operational envelope, and identify the onset of inlet unstart. An adaptive proportional-integral controller, updated online using the retrospective cost adaptive control (RCAC) algorithm, was then applied to regulate thrust. Closed-loop simulations demonstrate that the RCAC-based controller achieves accurate thrust regulation under both static and dynamic operating conditions, while remaining robust to variations in commands, hyperparameters, and inlet states. The results highlight the suitability of RCAC for SFRJ control, where accurate reduced-order models are challenging to obtain, and underscore the potential of learning-based adaptive control to enable robust and reliable operation of SFRJs in future air-breathing propulsion applications.",2025-11-06 17:37:04+00:00,http://arxiv.org/abs/2511.04580v1
2309.15607v1,"['Philip J. Herbert', 'Jose A. Pinzon Escobar', 'Martin Siebenborn']",2023-09-27 12:12:57+00:00,https://arxiv.org/pdf/2309.15607v1,Optimization and Control,['Optimization and Control'],"Shape optimization in $W^{1,\infty}$ with geometric constraints: a study in distributed-memory systems","In this paper we present a shape optimization scheme which utilizes the alternating direction method of multipliers (ADMM) to approximate a direction of steepest descent in $W^{1,\infty}$. The followed strategy is a combination of the approaches presented in Deckelnick, Herbert, and Hinze, ESAIM: COCV 28 (2022) and Müller et al. SIAM SISC 45 (2023). This has appeared previously for relatively simple elliptic PDEs with geometric constraints which were handled using an ad-hoc projection. Here, however, the optimization problem is expanded to include geometric constraints, which are systematically fulfilled. Moreover, this results in a nonlinear system of equations, which is challenging from a computational perspective. Simulations of a fluid dynamics case study are carried out to benchmark the novel method. Results are given to show that, compared to other methods, the proposed methodology allows for larger deformations without affecting the convergence of the used numerical methods. The mesh quality is studied across the surface of the optimized obstacle, and is further compared to previous approaches which used descents in $W^{p,\infty}$. The parallel scalability is tested on a distributed-memory system to illustrate the potential of the proposed techniques in a more complex, industrial setting.",2023-09-27 12:12:57+00:00,http://arxiv.org/abs/2309.15607v1
2306.08827v2,"['Zhongkai Hao', 'Jiachen Yao', 'Chang Su', 'Hang Su', 'Ziao Wang', 'Fanzhi Lu', 'Zeyu Xia', 'Yichi Zhang', 'Songming Liu', 'Lu Lu', 'Jun Zhu']",2023-10-05 06:33:52+00:00,https://arxiv.org/pdf/2306.08827v2,Machine Learning,"['Machine Learning', 'Numerical Analysis', 'Computational Physics']",PINNacle: A Comprehensive Benchmark of Physics-Informed Neural Networks for Solving PDEs,"While significant progress has been made on Physics-Informed Neural Networks (PINNs), a comprehensive comparison of these methods across a wide range of Partial Differential Equations (PDEs) is still lacking. This study introduces PINNacle, a benchmarking tool designed to fill this gap. PINNacle provides a diverse dataset, comprising over 20 distinct PDEs from various domains, including heat conduction, fluid dynamics, biology, and electromagnetics. These PDEs encapsulate key challenges inherent to real-world problems, such as complex geometry, multi-scale phenomena, nonlinearity, and high dimensionality. PINNacle also offers a user-friendly toolbox, incorporating about 10 state-of-the-art PINN methods for systematic evaluation and comparison. We have conducted extensive experiments with these methods, offering insights into their strengths and weaknesses. In addition to providing a standardized means of assessing performance, PINNacle also offers an in-depth analysis to guide future research, particularly in areas such as domain decomposition methods and loss reweighting for handling multi-scale problems and complex geometry. To the best of our knowledge, it is the largest benchmark with a diverse and comprehensive evaluation that will undoubtedly foster further research in PINNs.",2023-06-15 02:49:05+00:00,http://arxiv.org/abs/2306.08827v2
2404.17057v4,"['Paolo Joseph Baioni', 'Tommaso Benacchio', 'Luigi Capone', 'Carlo de Falco']",2024-12-10 14:19:37+00:00,https://arxiv.org/pdf/2404.17057v4,Computational Physics,"['Computational Physics', 'Distributed, Parallel, and Cluster Computing', 'Numerical Analysis']","Portable, Massively Parallel Implementation of a Material Point Method for Compressible Flows","The recent evolution of software and hardware technologies is leading to a renewed computational interest in Particle-In-Cell (PIC) methods such as the Material Point Method (MPM). Indeed, provided some critical aspects are properly handled, PIC methods can be cast in formulations suitable for the requirements of data locality and fine-grained parallelism of modern hardware accelerators such as Graphics Processing Units (GPUs). Such a rapid and continuous technological development increases also the importance of generic and portable implementations. While the capabilities of MPM on a wide range continuum mechanics problem have been already well assessed, the use of the method in compressible fluid dynamics has received less attention. In this paper we present a portable, highly parallel, GPU based MPM solver for compressible gas dynamics. The implementation aims to reach a good compromise between portability and efficiency in order to provide a first assessment of the potential of this approach in solving strongly compressible gas flow problems, also taking into account solid obstacles. The numerical model considered constitutes a first step towards the development of a monolithic MPM solver for Fluid-Structure Interaction (FSI) problems at all Mach numbers up to the supersonic regime.",2024-04-25 21:53:35+00:00,http://arxiv.org/abs/2404.17057v4
2407.03303v1,"['Charuka D. Wickramasinghe', 'Priyanka Ahire']",2024-07-03 17:44:56+00:00,https://arxiv.org/pdf/2407.03303v1,Numerical Analysis,['Numerical Analysis'],A Graded Mesh Refinement for 2D Poisson's Equation on Non Convex Polygonal Domains,"This work delves into solving the two dimensional Poisson problem through the Finite Element Method which is relevant in various physical scenarios including heat conduction, electrostatics, gravity potential, and fluid dynamics. However, finding exact solutions to these problems can be complicated and challenging due to complexities in the domains such as re-entrant corners, cracks, and discontinuities of the solution along the boundaries, and due to the singular source function. Our focus in this work is to solve the Poisson equation in the presence of re entrant corners at the vertices of domain where some of the interior angles are greater than 180 degrees. When the domain features a re entrant corner, the numerical solution can display singular behavior near the corners. To address this, we propose a graded mesh algorithm that helps us to tackle the solution near singular points. We derive H1 and L2 error estimate results, and we use MATLAB to present numerical results that validate our theoretical findings. By exploring these concepts, we hope to provide new insights into the Poisson problem and inspire future research into the application of numerical methods to solve complex physical scenarios",2024-07-03 17:44:56+00:00,http://arxiv.org/abs/2407.03303v1
2502.00664v1,"['Takashi Sakajo', 'Takeshi Matsumoto', 'Shizuo Kaji', 'Tomoo Yokoyama', 'Tomoki Uda']",2025-02-02 04:36:33+00:00,https://arxiv.org/pdf/2502.00664v1,Fluid Dynamics,"['Fluid Dynamics', 'Dynamical Systems']",Topological flow data analysis for transient flow patterns: a graph-based approach,"We introduce a time-series analysis method for transient two-dimensional flow patterns based on Topological Flow Data Analysis (TFDA), a new approach to topological data analysis. TFDA identifies local topological flow structures from an instantaneous streamline pattern and describes their global connections as a unique planar tree and its string representation. With TFDA, the evolution of two-dimensional flow patterns is reduced to a discrete dynamical system represented as a transition graph between topologically equivalent streamline patterns. We apply this method to study the lid-driven cavity flow at Reynolds numbers ranging from $Re=14000$ to $Re=16000$, a benchmark problem in fluid dynamics data analysis. Our approach reveals the transition from periodic to chaotic flow at a critical Reynolds number when the reduced dynamical system is modelled as a Markov process on the transition graph. Additionally, we perform an observational causal inference to analyse changes in local flow patterns at the cavity corners and discuss differences with a standard interventional sensitivity analysis. This work demonstrates the potential of TFDA-based time-series analysis for uncovering complex dynamical behaviours in fluid flow data.",2025-02-02 04:36:33+00:00,http://arxiv.org/abs/2502.00664v1
2409.16662v2,"['Ala Eddine Bahrouni', 'Anouar Bahrouni', 'Hlel Missaoui']",2025-06-03 09:13:30+00:00,https://arxiv.org/pdf/2409.16662v2,Analysis of PDEs,['Analysis of PDEs'],A new class of anisotropic double phase problems: exponents depending on solutions and their gradients,"In this work, we introduce two novel classes of quasilinear elliptic equations, each driven by the double phase operator with variable exponents. The first class features a new double phase equation where exponents depend on the gradient of the solution. We delve into proving various properties of the corresponding Musielak-Orlicz Sobolev spaces, including the $Δ_2$ property, uniform convexity, density and compact embedding. Additionally, we explore the characteristics of the new double phase operator, such as continuity, strict monotonicity, and the (S$_+$)-property. Employing both variational and nonvariational methods, we establish the existence of solutions for this inaugural class of double phase equations. In the second category, the treatment of exponents is dependent on the solution itself. This class differs from the first one due to the unavailability of suitable Musielak-Orlicz Sobolev spaces. For this reason, we employ a perturbation argument that leads to the classical double phase class. These two new classes highlight how different physical processes like the movement of special fluids through porous materials, phase changes, and fluid dynamics interact with each other. Our results are novel in this context and includes a self-contained techniques.",2024-09-25 06:46:57+00:00,http://arxiv.org/abs/2409.16662v2
2601.09623v1,"['Shenhui Ruan', 'Andreas G. Class', 'Gianluigi Rozza']",2026-01-14 16:50:13+00:00,https://arxiv.org/pdf/2601.09623v1,Numerical Analysis,"['Numerical Analysis', 'Fluid Dynamics']",Introduction to the Combination of Reduced Order Models and Domain Decomposition: State of the Art and Perspectives,"Reduced Order Models (ROMs) have been regarded as an efficient alternative to conventional high-fidelity Computational Fluid Dynamics (CFD) for accelerating the design and optimization processes in engineering applications. Many industrial geometries feature repeating subdomains or contain sub-regions governed by distinct physical phenomena, making them well-suited to Domain Decomposition (DD) techniques. The integration of ROM and DD is promising to further reduce computational costs by constructing local ROMs and assembling them into global solutions. Due to the complexity and necessity of coupling ROMs, many approaches have been proposed in recent years. This review provides a concise overview of existing methodologies combining ROM and DD. We categorize existing methods into intrusive (projection-based) and non-intrusive (data-driven) frameworks. Various strategies for generating local reduced bases and coupling them across subdomains are illustrated. Particular emphasis is placed on intrusive techniques, including equations, numerical algorithms, and practical implementations. The non-intrusive framework is also discussed, highlighting its general procedures, basic formulations, and underlying principles. Finally, we summarise the state of the literature, identify open challenges, and present perspectives on future implementation from an engineering viewpoint.",2026-01-14 16:50:13+00:00,http://arxiv.org/abs/2601.09623v1
2306.15159v1,"['Stephen Guth', 'Alireza Mojahed', 'Themistoklis P. Sapsis']",2023-06-27 02:35:25+00:00,https://arxiv.org/pdf/2306.15159v1,Machine Learning,"['Machine Learning', 'Machine Learning', 'Dynamical Systems']",Evaluation of machine learning architectures on the quantification of epistemic and aleatoric uncertainties in complex dynamical systems,"Machine learning methods for the construction of data-driven reduced order model models are used in an increasing variety of engineering domains, especially as a supplement to expensive computational fluid dynamics for design problems. An important check on the reliability of surrogate models is Uncertainty Quantification (UQ), a self assessed estimate of the model error. Accurate UQ allows for cost savings by reducing both the required size of training data sets and the required safety factors, while poor UQ prevents users from confidently relying on model predictions. We examine several machine learning techniques, including both Gaussian processes and a family UQ-augmented neural networks: Ensemble neural networks (ENN), Bayesian neural networks (BNN), Dropout neural networks (D-NN), and Gaussian neural networks (G-NN). We evaluate UQ accuracy (distinct from model accuracy) using two metrics: the distribution of normalized residuals on validation data, and the distribution of estimated uncertainties. We apply these metrics to two model data sets, representative of complex dynamical systems: an ocean engineering problem in which a ship traverses irregular wave episodes, and a dispersive wave turbulence system with extreme events, the Majda-McLaughlin-Tabak model. We present conclusions concerning model architecture and hyperparameter tuning.",2023-06-27 02:35:25+00:00,http://arxiv.org/abs/2306.15159v1
2303.04419v1,"['Dennis Gallenmüller', 'Raphael Wagner', 'Emil Wiedemann']",2023-03-08 07:45:08+00:00,https://arxiv.org/pdf/2303.04419v1,Analysis of PDEs,['Analysis of PDEs'],Probabilistic Descriptions of Fluid Flow: A Survey,"Fluids can behave in a highly irregular, turbulent way. It has long been realised that, therefore, some weak notion of solution is required when studying the fundamental partial differential equations of fluid dynamics, such as the compressible or incompressible Navier-Stokes or Euler equations. The standard concept of weak solution (in the sense of distributions) is still a deterministic one, as it gives exact values for the state variables (like velocity or density) for almost every point in time and space. However, observations and mathematical theory alike suggest that this deterministic viewpoint has certain limitations. Thus, there has been an increased recent interest in the mathematical fluids community in probabilistic concepts of solution. Due to the considerable number of such concepts, it has become challenging to navigate the corresponding literature, both classical and recent. We aim here to give a reasonably concise yet fairly detailed overview of probabilistic formulations of fluid equations, which can roughly be split into measure-valued and statistical frameworks. We discuss both approaches and their relationship, as well as the interrelations between various statistical formulations, focusing on the compressible and incompressible Euler equations.",2023-03-08 07:45:08+00:00,http://arxiv.org/abs/2303.04419v1
2405.00814v1,"['Stefanos Bakirtzis', 'Marco Fiore', 'Jie Zhang', 'Ian Wassell']",2024-05-01 18:54:59+00:00,https://arxiv.org/pdf/2405.00814v1,"Computational Engineering, Finance, and Science","['Computational Engineering, Finance, and Science', 'Numerical Analysis', 'Computational Physics']",Solving Maxwell's equations with Non-Trainable Graph Neural Network Message Passing,"Computational electromagnetics (CEM) is employed to numerically solve Maxwell's equations, and it has very important and practical applications across a broad range of disciplines, including biomedical engineering, nanophotonics, wireless communications, and electrodynamics. The main limitation of existing CEM methods is that they are computationally demanding. Our work introduces a leap forward in scientific computing and CEM by proposing an original solution of Maxwell's equations that is grounded on graph neural networks (GNNs) and enables the high-performance numerical resolution of these fundamental mathematical expressions. Specifically, we demonstrate that the update equations derived by discretizing Maxwell's partial differential equations can be innately expressed as a two-layer GNN with static and pre-determined edge weights. Given this intuition, a straightforward way to numerically solve Maxwell's equations entails simple message passing between such a GNN's nodes, yielding a significant computational time gain, while preserving the same accuracy as conventional transient CEM methods. Ultimately, our work supports the efficient and precise emulation of electromagnetic wave propagation with GNNs, and more importantly, we anticipate that applying a similar treatment to systems of partial differential equations arising in other scientific disciplines, e.g., computational fluid dynamics, can benefit computational sciences",2024-05-01 18:54:59+00:00,http://arxiv.org/abs/2405.00814v1
2411.14081v1,"['Yuming Qin', 'Xiaolei Dong', 'Xiuqing Wang']",2024-11-21 12:47:15+00:00,https://arxiv.org/pdf/2411.14081v1,Analysis of PDEs,['Analysis of PDEs'],Prandtl Equations and Related Boundary Layer Equations,"This book aims to present some recent results on Prandtl equations and MHD boundary layer equations.
  This book is essentially divided into two parts. Chapter 1 as the first part systematically surveys the results till 2020 on Prandtl equations and MHD boundary layer equations. Chapter 2 to 6 are the main part of the book, which presents the local and the global well-posedness of solutions to the Prandtl equations and MHD boundary layer equations. In detail, Chapter 2 is concerned with global well-posedness of solutions to the 2D Prandtl-Hartmann equations in an analytic framework. Chapter 3 investigates the local existence of solutions to the 2D Prandtl equations in a weighted Sobolev space. Chapter 4 studies the local well-posedness of solutions to the 2D mixed Prandtl equations in a Sobolev space without monotonicity and lower bound. Chapter 5 is concerned with global existence of solutions to the 2D magnetic Prandtl equations in the Prandtl-Hartmann regime. Chapter 6 proves the local existence of solutions to the 3D Prandtl equations with a special structure.
  Mathematicians and physicists who are interested in fluid dynamics will find this book helpful.",2024-11-21 12:47:15+00:00,http://arxiv.org/abs/2411.14081v1
2412.02555v1,"['David M. Williams', 'Hiroaki Nishikawa']",2024-12-03 16:45:25+00:00,https://arxiv.org/pdf/2412.02555v1,Numerical Analysis,['Numerical Analysis'],Properties of median-dual regions on triangulations in $\mathbb{R}^{4}$ with extensions to higher dimensions,"Many time-dependent problems in the field of computational fluid dynamics can be solved in a four-dimensional space-time setting. However, such problems are computationally expensive to solve using modern high-order numerical methods. In order to address this issue, efficient, node-centered edge-based schemes are currently being developed. In these schemes, a median-dual tessellation of the space-time domain is constructed based on an initial triangulation. Unfortunately, it is not straightforward to construct median-dual regions or deduce their properties on triangulations for $d \geq 4$. In this work, we provide the first rigorous definition of median-dual regions on triangulations in any number of dimensions. In addition, we present the first methods for calculating the geometric properties of these dual regions. We introduce a new method for computing the hypervolume of a median-dual region in $\mathbb{R}^d$. Furthermore, we provide a new approach for computing the directed-hyperarea vectors for facets of a median-dual region in $\mathbb{R}^{4}$. These geometric properties are key for facilitating the construction of node-centered edge-based schemes in higher dimensions.",2024-12-03 16:45:25+00:00,http://arxiv.org/abs/2412.02555v1
2503.22070v1,"['Immanuel Ben Porat', 'Gui-Qiang G. Chen', 'Difan Yuan']",2025-03-28 01:26:13+00:00,https://arxiv.org/pdf/2503.22070v1,Analysis of PDEs,['Analysis of PDEs'],Quantum Quasi-neutral Limits and Isothermal Euler Equations,"We provide a rigorous justification of the semiclassical quasi-neutral and the quantum many-body limits to the isothermal Euler equations. We consider the nonlinear Schrödinger-Poisson-Boltzmann system under a quasi-neutral scaling and establish the convergence of its solutions to the isothermal Euler equations. Different from the previous results that dealt with the linear Poisson equations, the system under our consideration accounts for the exponential nonlinearity in the potential. A modulated energy method is adopted, allowing us to derive the stability estimates and asymptotics. Furthermore, we focus our analysis on the many-body quantum problem via the von Neumann equation and establish a mean-field limit in one dimension by using Serfaty's functional inequalities, and thus connecting the quantum many-body dynamics with the macroscopic hydrodynamic equations. A refined analysis of the quasi-neutral scaling for the massless systems is presented, and the well-posedness of the underlying quantum dynamics is established. Moreover, the construction of general admissible initial data is obtained. Our results provide a rigorous mathematical analysis for the derivation of quantum hydrodynamic models and their limits, contributing to the broader understanding of interactions between quantum mechanics and compressible fluid dynamics.",2025-03-28 01:26:13+00:00,http://arxiv.org/abs/2503.22070v1
2509.25569v3,"['Arturo Rodriguez', 'Avinash Potluri', 'Aryan Singh', 'Vyom Kumar', 'Kate Reza', 'Francisco O. Aguirre Ortega', 'Vineeth Vijaya Kumar', 'Noah L. Estrada']",2025-12-17 15:30:14+00:00,https://arxiv.org/pdf/2509.25569v3,Fluid Dynamics,"['Fluid Dynamics', 'Numerical Analysis']",Cross-Model Verification of Wall-Bounded Flows using Finite-JAX,"Accurate prediction of wall-bounded flows remains central to advancing both theoretical understanding and computational methods in fluid mechanics. In this study, we perform a numerical simulation of channel flow using a complementary approach: a high-performance, differentiable finite-difference solver developed in JAX (Finite-JAX), and an analytical solution derived from the Navier-Stokes Equations, also known as the Hagen-Poiseuille equation. The solver is applied to the incompressible Navier-Stokes equations, along with appropriate boundary conditions, to capture canonical flow features, including velocity profiles and pressure gradients. Cross-model verification is conducted by systematically comparing numerical results between Finite-JAX and the analytical solution, with a focus on velocity distributions. In addition, numerical results are benchmarked against analytical solutions for the laminar regime, allowing direct quantification of the verification accuracy. Our findings demonstrate that cross-model verification not only strengthens confidence in simulation fidelity but also provides a pathway for integrating differentiable solvers with established computational fluid dynamics platforms, paving the way for future fluid flow research. The performance of Finite-JAX on Wall-Bounded Flows is 0.014765 in the L2 norm.",2025-09-29 22:46:56+00:00,http://arxiv.org/abs/2509.25569v3
2504.15201v2,"['Maxim Olshanskii', 'Annalisa Quaini']",2025-10-12 18:06:32+00:00,https://arxiv.org/pdf/2504.15201v2,Numerical Analysis,['Numerical Analysis'],"Phase-separated lipid vesicles: continuum modeling, simulation, and validation","The paper presents a complete research cycle comprising continuum-based modeling, computational framework development, and validation setup to predict phase separation and surface hydrodynamics in lipid bilayer membranes. We starting with an overview of the key physical characteristics of lipid bilayers, including their composition, mechanical properties, and thermodynamics, and then discuss continuum models of multi-component bilayers. The most complex model is a Navier--Stokes--Cahn--Hilliard (NSCH) type system, describing the coupling of incompressible surface fluid dynamics with phase-field dynamics on arbitrarily curved geometries. It is discretized using trace finite element methods, which offer geometric flexibility and stability in representing surface PDEs. Numerical studies are conducted to examine physical features such as coarsening rates and interfacial dynamics. The computational results obtained from the NSCH model are compared against experimental data for membrane compositions with distinct phase behaviors, demonstrating that including both phase-field models and surface hydrodynamics is essential to accurately reproduce domain evolution observed in epi-fluorescence microscopy. Lastly, we extend the model to incorporate external forces that enable the simulation of vesicles containing cationic lipids, used to enhance membrane fusion.",2025-04-21 16:17:39+00:00,http://arxiv.org/abs/2504.15201v2
2403.14283v1,"['Arash Hajisharifi', 'Rahul Halder', 'Michele Girfoglio', 'Andrea Beccari', 'Domenico Bonanni', 'Gianluigi Rozza']",2024-03-21 10:48:30+00:00,https://arxiv.org/pdf/2403.14283v1,Numerical Analysis,['Numerical Analysis'],A LSTM-enhanced surrogate model to simulate the dynamics of particle-laden fluid systems,"The numerical treatment of fluid-particle systems is a very challenging problem because of the complex coupling phenomena occurring between the two phases. Although accurate mathematical modelling is available to address this kind of application, the computational cost of the numerical simulations is very expensive. The use of the most modern high-performance computing infrastructures could help to mitigate such an issue but not completely fix it. In this work, we develop a non-intrusive data-driven reduced order model (ROM) for Computational Fluid Dynamics (CFD) - Discrete Element Method (DEM) simulations. The ROM is built using the proper orthogonal decomposition (POD) for the computation of the reduced basis space and the Long Short-Term Memory (LSTM) network for the computation of the reduced coefficients. We are interested in dealing both with system identification and prediction. The most relevant novelties rely on (i) a filtering procedure of the full-order snapshots to reduce the dimensionality of the reduced problem and (ii) a preliminary treatment of the particle phase. The accuracy of our ROM approach is assessed against the classic Goldschmidt fluidized bed benchmark problem. Finally, we also provide some insights about the efficiency of our ROM approach.",2024-03-21 10:48:30+00:00,http://arxiv.org/abs/2403.14283v1
2502.19543v1,"['Biao Yuan', 'He Wang', 'Yanjie Song', 'Ana Heitor', 'Xiaohui Chen']",2025-02-26 20:29:41+00:00,https://arxiv.org/pdf/2502.19543v1,Machine Learning,"['Machine Learning', 'Numerical Analysis', 'Computational Physics']",High-fidelity Multiphysics Modelling for Rapid Predictions Using Physics-informed Parallel Neural Operator,"Modelling complex multiphysics systems governed by nonlinear and strongly coupled partial differential equations (PDEs) is a cornerstone in computational science and engineering. However, it remains a formidable challenge for traditional numerical solvers due to high computational cost, making them impractical for large-scale applications. Neural operators' reliance on data-driven training limits their applicability in real-world scenarios, as data is often scarce or expensive to obtain. Here, we propose a novel paradigm, physics-informed parallel neural operator (PIPNO), a scalable and unsupervised learning framework that enables data-free PDE modelling by leveraging only governing physical laws. The parallel kernel integration design, incorporating ensemble learning, significantly enhances both compatibility and computational efficiency, enabling scalable operator learning for nonlinear and strongly coupled PDEs. PIPNO efficiently captures nonlinear operator mappings across diverse physics, including geotechnical engineering, material science, electromagnetism, quantum mechanics, and fluid dynamics. The proposed method achieves high-fidelity and rapid predictions, outperforming existing operator learning approaches in modelling nonlinear and strongly coupled multiphysics systems. Therefore, PIPNO offers a powerful alternative to conventional solvers, broadening the applicability of neural operators for multiphysics modelling while ensuring efficiency, robustness, and scalability.",2025-02-26 20:29:41+00:00,http://arxiv.org/abs/2502.19543v1
2503.24225v1,"['M. F. P. ten Eikelder', 'E. H. van Brummelen', 'D. Schillinger']",2025-03-31 15:38:49+00:00,https://arxiv.org/pdf/2503.24225v1,Fluid Dynamics,"['Fluid Dynamics', 'Mathematical Physics', 'Analysis of PDEs']",Compressible N-phase fluid mixture models,"Fluid mixture models are essential for describing a wide range of physical phenomena, including wave dynamics and spinodal decomposition. However, there is a lack of consensus in the modeling of compressible mixtures, with limited connections between different classes of models. On the one hand, existing compressible two-phase flow models accurately describe wave dynamics, but do not incorporate phase separation mechanisms. On the other hand, phase-field technology in fluid dynamics consists of models incorporating spinodal decomposition, however, a general phase-field theory for compressible mixtures remains largely undeveloped.
  In this paper, we take an initial step toward bridging the gap between compressible two-phase flow models and phase-field models by developing a theory for compressible, isothermal N-phase mixtures. Our theory establishes a system of reduced complexity by formulating N mass balance laws alongside a single momentum balance law, thereby naturally extending the Navier-Stokes Korteweg model to N-phases and providing the Navier-Stokes Cahn-Hilliard/Allen-Cahn model for compressible mixtures. Key aspects of the framework include its grounding in continuum mixture theory and its preservation of thermodynamic consistency despite its reduced complexity.",2025-03-31 15:38:49+00:00,http://arxiv.org/abs/2503.24225v1
2508.21226v2,"['Brian Christner', 'Jesse Chan']",2025-09-05 03:06:30+00:00,https://arxiv.org/pdf/2508.21226v2,Numerical Analysis,['Numerical Analysis'],Entropy stable finite difference methods via entropy correction artificial viscosity and knapsack limiting,"Entropy stable methods have become increasingly popular in the field of computational fluid dynamics. They often work by satisfying some form of a discrete entropy inequality: a discrete form of the 2nd law of thermodynamics. Schemes which satisfy a (semi-)discrete entropy inequality typically behave much more robustly, and do so in a way that is hyperparameter free. Recently, a new strategy was introduced to construct entropy stable discontinuous Galerkin methods: knapsack limiting, which blends together a low order, positivity preserving, and entropy stable scheme with a high order accurate scheme, in order to produce a high order accurate, entropy stable, and positivity preserving scheme. Another recent strategy introduces an entropy correction artificial viscosity into a high order scheme, aiming to satisfy a cell entropy inequality.
  In this work, we introduce the techniques of knapsack limiting and artificial viscosity for finite difference discretizations. The proposed schemes preserve high order accuracy in sufficiently smooth conditions, are entropy stable, and are hyperparameter free. Moreover, the proposed knapsack limiting scheme provably preserves positivity for the compressible Euler and Navier-Stokes equations. Both schemes achieve this goal without significant performance tradeoffs compared to state of the art stabilized schemes.",2025-08-28 21:35:45+00:00,http://arxiv.org/abs/2508.21226v2
2509.06878v2,"['Federico Butori', 'Avi Mayorcas', 'Silvia Morlacchi']",2025-11-18 18:36:39+00:00,https://arxiv.org/pdf/2509.06878v2,Analysis of PDEs,"['Analysis of PDEs', 'Probability']",Homogenisation of a Passive Scalar Transported by Locally Supported White Noise,"Stochastic perturbations of transport type are a common and widely accepted way of representing turbulent effects in fluid dynamics models. In many known examples, it even leads to improved solution theory, a phenomenon known as \emph{regularization by noise}. A common thread in the recent literature on the topic is the so-called \emph{Itô-Stratonovich diffusion limit}. By selecting Stratonovich transport noise with carefully arranged vector fields, one can show that the solution of certain SPDEs are close, in an appropriate topology, to an effective, deterministic, equation with a new effective second order elliptic operator, linked to the Ito-Stratonovich corrector. In this work, we deal with a passive scalar model with molecular diffusivity $κ$. Starting from the results in [Flandoli \emph{et al.}, 2022, \emph{Philos. Trans. Roy. Soc. A}, 380(2219)], we consider a transport noise made by a sum of independent and compactly supported vector fields. This setting is relevant for models of stratified turbulence which naturally occur in boundary layers and Boussinesq models. Due to the anisotropic nature of the noise, the identification of the limit equation is not straightforward as in all other examples known in literature, as the Ito-Stratonovich corrector is a generic second order elliptic operator with non-constant coefficients. Using tools from Homogenisation theory, we obtain a representation for the limiting effective diffusivity matrix. Exploiting this representation, we study asymptotics, in the $κ\rightarrow 0$ regime, of the effective diffusivity across a number of vector field regimes parametrised by the radius of their support. Finally, we provide a careful numerical analysis of the effective diffusivity, discovering a nonlinear behavior for $κ\rightarrow 0$, in some regimes.",2025-09-08 16:54:14+00:00,http://arxiv.org/abs/2509.06878v2
2512.05829v1,"['A. Chatziafratis', 'A. Miranville', 'G. Karali', 'A. S. Fokas', 'E. C. Aifantis']",2025-12-05 15:46:38+00:00,https://arxiv.org/pdf/2512.05829v1,Analysis of PDEs,"['Analysis of PDEs', 'Mathematical Physics', 'Complex Variables']",Higher-order diffusion and Cahn-Hilliard-type models revisited on the half-line,"In this paper, we solve explicitly and analyze rigorously inhomogeneous initial-boundary-value problems (IBVP) for several fourth-order variations of the traditional diffusion equation and the associated linearized Cahn-Hilliard (C-H) model (also Kuramoto-Sivashinsky equation), formulated in the spatiotemporal quarter-plane. Such models are of relevance to heat-mass transfer phenomena, solid-fluid dynamics and the applied sciences. In particular, we derive formally effective solution representations, justifying a posteriori their validity. This includes the reconstruction of the prescribed initial and boundary data, which requires careful analysis of the various integral terms appearing in the formulae, proving that they converge in a strictly defined sense. In each IBVP, the novel formula is utilized to rigorously deduce the solution's regularity and asymptotic properties near the boundaries of the domain, including uniform convergence, eventual (long-time) periodicity under (eventually) periodic boundary conditions, and null non-controllability. Importantly, this analysis is indispensable for exploring the (non)uniqueness of the problem's solution and a new counter-example is constructed. Our work is based on the synergy between: (i) the well-known Fokas unified transform method and (ii) a new approach recently introduced for the rigorous analysis of the Fokas method and for investigating qualitative properties of linear evolution partial differential equations (PDE) on semi-infinite strips. Since only up to third-order evolution PDE have been investigated within this novel framework to date, we present our analysis and results in an illustrative manner and in order of progressively greater complexity, for the convenience of readers. The solution formulae established herein are expected to find utility in well-posedness studies for nonlinear counterparts too.",2025-12-05 15:46:38+00:00,http://arxiv.org/abs/2512.05829v1
2307.13592v1,"['Sebastian Strönisch', 'Maximilian Sander', 'Andreas Knüpfer', 'Marcus Meyer']",2023-07-25 15:49:25+00:00,https://arxiv.org/pdf/2307.13592v1,Machine Learning,"['Machine Learning', 'Distributed, Parallel, and Cluster Computing', 'Numerical Analysis']",Multi-GPU Approach for Training of Graph ML Models on large CFD Meshes,"Mesh-based numerical solvers are an important part in many design tool chains. However, accurate simulations like computational fluid dynamics are time and resource consuming which is why surrogate models are employed to speed-up the solution process. Machine Learning based surrogate models on the other hand are fast in predicting approximate solutions but often lack accuracy. Thus, the development of the predictor in a predictor-corrector approach is the focus here, where the surrogate model predicts a flow field and the numerical solver corrects it. This paper scales a state-of-the-art surrogate model from the domain of graph-based machine learning to industry-relevant mesh sizes of a numerical flow simulation. The approach partitions and distributes the flow domain to multiple GPUs and provides halo exchange between these partitions during training. The utilized graph neural network operates directly on the numerical mesh and is able to preserve complex geometries as well as all other properties of the mesh. The proposed surrogate model is evaluated with an application on a three dimensional turbomachinery setup and compared to a traditionally trained distributed model. The results show that the traditional approach produces superior predictions and outperforms the proposed surrogate model. Possible explanations, improvements and future directions are outlined.",2023-07-25 15:49:25+00:00,http://arxiv.org/abs/2307.13592v1
2303.10652v1,"['Ravshan Ashurov', 'Oqila Mukhiddinova', 'Sabir Umarov']",2023-03-19 13:24:24+00:00,https://arxiv.org/pdf/2303.10652v1,Analysis of PDEs,['Analysis of PDEs'],A non-local problem for the fractional order Rayleigh-Stokes equation,"A nonlocal boundary value problem for the fractional version of the well known in fluid dynamics Rayleigh-Stokes equation is studied. Namely, the condition $u(x,T)=βu(x,0)+\varphi(x)$, where $β$ is an arbitrary real number, is proposed instead of the initial condition. If $β=0$, then we get the inverse problem in time, called the backward problem. It is well known that the backward problem is ill-posed in the sense of Hadamard. If $β=1$, then the corresponding non-local problem becomes well-posed in the sense of Hadamard, and moreover, in this case a coercive estimate for the solution can be established. The aim of this work is to find values of the parameter $β$, which separates two types of behavior of the semi-backward problem under consideration. We prove the following statements: if $β\ge 1,$ or $β<0$, then the problem is well-posed; if $β\in (0,1)$, then depending on the eigenvalues of the elliptic part of the equation, for the existence of a solution an additional condition on orthogonality of the right-hand side of the equation and the boundary function to some eigenfunctions of the corresponding elliptic operator may emerge.",2023-03-19 13:24:24+00:00,http://arxiv.org/abs/2303.10652v1
2405.19215v3,['Björn Gustafsson'],2025-09-23 10:02:56+00:00,https://arxiv.org/pdf/2405.19215v3,Complex Variables,"['Complex Variables', 'Mathematical Physics', 'Fluid Dynamics']","Two dimensional potential theory with a view towards vortex motion: Energy, capacity and Green functions","The paper reviews some parts of classical potential theory with applications to two dimensional fluid dynamics, in particular vortex motion. Energy and forces within a system of point vortices are similar to those for point charges when the vortices are kept fixed, but the dynamics is different in the case of free vortices. Starting from Bernoulli's equation we derive these laws. Letting the number of vortices tend to infinity leads in the limit to considerations of capacity, harmonic measure and many other notions in potential theory. In particular various kinds of Green functions have a central role in the paper, where we make a difference between electrostatic and hydrodynamic Green function.
  We also consider the corresponding concepts in the case of closed Riemann surfaces provided with a metric. From a canonically defined monopole Green function we rederive much of the classical theory of harmonic and analytic forms. In the final section of the paper we return to the planar case, then reappearing in form of a symmetric Riemann surface, the Schottky double. Bergman kernels, electrostatic and hydrodynamic, come up naturally, and associated to the Green function the is a certain Robin function which is important for vortex motion and which also relates to capacity functions in classical potential theory.",2024-05-29 15:56:45+00:00,http://arxiv.org/abs/2405.19215v3
2505.09063v1,"['Khalid Rafiq', 'Wenjing Liao', 'Aditya G. Nair']",2025-05-14 01:48:26+00:00,https://arxiv.org/pdf/2505.09063v1,Machine Learning,"['Machine Learning', 'Numerical Analysis']",Single-shot prediction of parametric partial differential equations,"We introduce Flexi-VAE, a data-driven framework for efficient single-shot forecasting of nonlinear parametric partial differential equations (PDEs), eliminating the need for iterative time-stepping while maintaining high accuracy and stability. Flexi-VAE incorporates a neural propagator that advances latent representations forward in time, aligning latent evolution with physical state reconstruction in a variational autoencoder setting. We evaluate two propagation strategies, the Direct Concatenation Propagator (DCP) and the Positional Encoding Propagator (PEP), and demonstrate, through representation-theoretic analysis, that DCP offers superior long-term generalization by fostering disentangled and physically meaningful latent spaces. Geometric diagnostics, including Jacobian spectral analysis, reveal that propagated latent states reside in regions of lower decoder sensitivity and more stable local geometry than those derived via direct encoding, enhancing robustness for long-horizon predictions. We validate Flexi-VAE on canonical PDE benchmarks, the 1D viscous Burgers equation and the 2D advection-diffusion equation, achieving accurate forecasts across wide parametric ranges. The model delivers over 50x CPU and 90x GPU speedups compared to autoencoder-LSTM baselines for large temporal shifts. These results position Flexi-VAE as a scalable and interpretable surrogate modeling tool for accelerating high-fidelity simulations in computational fluid dynamics (CFD) and other parametric PDE-driven applications, with extensibility to higher-dimensional and more complex systems.",2025-05-14 01:48:26+00:00,http://arxiv.org/abs/2505.09063v1
2512.17727v1,"['Zdzisław Brzeźniak', 'Enrico Priola', 'Jianliang Zhai', 'Jiahui Zhu']",2025-12-19 16:03:08+00:00,https://arxiv.org/pdf/2512.17727v1,Probability,['Probability'],Stochastic transport equation with Lévy noise,"We study the stochastic transport equation with globally $β$-Hölder continuous and bounded vector field driven by a non-degenerate pure-jump Lévy noise of $α$-stable type. Whereas the deterministic transport equation may lack uniqueness, we prove the existence and pathwise uniqueness of a weak solution in the presence of a multiplicative pure jump noise, assuming $\fracα{2}+β>1$. Notably, our results cover the entire range $α\in (0,2)$, including the supercritical regime $α\in(0,1)$ where the driving noise exhibits notoriously weak regularization. A key step of our strategy is the development of a \emph{sharp} $C^{1+δ}$-diffeomorphism
  and new regularity results for the Jacobian determinant of the stochastic flow associated to its stochastic characteristic equation. These novel probabilistic results are of independent interest and constitute a substantial component of our work. Our results are the first full generalization of the celebrated paper by Flandoli, Gubinelli, and Priola [Invent. Math. 2010] from the Brownian motion to the pure jump Lévy noise. To the best of our knowledge, this appears to be the first example of a partial differential equation of fluid dynamics where well-posedness is restored by the influence of a non-degenerate pure-jump noise.",2025-12-19 16:03:08+00:00,http://arxiv.org/abs/2512.17727v1
2412.05751v1,"['Andrea Giorgini', 'Jingning He', 'Hao Wu']",2024-12-07 21:34:53+00:00,https://arxiv.org/pdf/2412.05751v1,Analysis of PDEs,['Analysis of PDEs'],Global Weak Solutions to a Navier-Stokes-Cahn-Hilliard System with Chemotaxis and Mass Transport: Cross Diffusion versus Logistic Degradation,"We analyze a diffuse interface model that describes the dynamics of incompressible two-phase flows influenced by interactions with a soluble chemical substance, encompassing the chemotaxis effect, mass transport, and reactions. In the resulting coupled evolutionary system, the macroscopic fluid velocity field $\boldsymbol{v}$ satisfies a Navier--Stokes system driven by a capillary force, the phase field variable $\varphi$ is governed by a convective Cahn--Hilliard equation incorporating a mass source and a singular potential (e.g., the Flory--Huggins type), and the chemical concentration $σ$ obeys an advection-reaction-diffusion equation with logistic degradation, exhibiting a cross-diffusion structure akin to the Keller--Segel model for chemotaxis. Under general structural assumptions, we establish the existence of global weak solutions to the initial boundary value problem within a bounded smooth domain $Ω\subset \mathbb{R}^d$, $d=2,3$. The proof hinges on a novel semi-Galerkin scheme for a suitably regularized system, featuring a non-standard approximation of the singular potential. Moreover, with more restrictive assumptions on coefficients and data, we establish regularity properties and uniqueness of global weak solutions in the two-dimensional case. Our analysis contributes to a further understanding of phase separation processes under the interplay of fluid dynamics and chemotaxis, in particular, the influence of cross diffusion and logistic degradation.",2024-12-07 21:34:53+00:00,http://arxiv.org/abs/2412.05751v1
2509.24573v2,"['Yusuf Guven', 'Vincenzo Di Vito', 'Ferdinando Fioretto']",2026-01-19 15:44:28+00:00,https://arxiv.org/pdf/2509.24573v2,Machine Learning,"['Machine Learning', 'Optimization and Control']",Learning to Solve Optimization Problems Constrained with Partial Differential Equations,"Partial differential equation (PDE)-constrained optimization arises in many scientific and engineering domains, such as energy systems, fluid dynamics and material design. In these problems, the decision variables (e.g., control inputs or design parameters) are tightly coupled with the PDE state variables, and the feasible set is implicitly defined by the governing PDE constraints. This coupling makes the problems computationally demanding, as it requires handling high dimensional discretization and dynamic constraints. To address these challenges, this paper introduces a learning-based framework that integrates a dynamic predictor with an optimization surrogate. The dynamic predictor, a novel time-discrete Neural Operator (Lu et al.), efficiently approximate system trajectories governed by PDE dynamics, while the optimization surrogate leverages proxy optimizer techniques (Kotary et al.) to approximate the associated optimal decisions. This dual-network design enables real-time approximation of optimal strategies while explicitly capturing the coupling between decisions and PDE dynamics. We validate the proposed approach on benchmark PDE-constrained optimization tasks inlacing Burgers' equation, heat equation and voltage regulation, and demonstrate that it achieves solution quality comparable to classical control-based algorithms, such as the Direct Method and Model Predictive Control (MPC), while providing up to four orders of magnitude improvement in computational speed.",2025-09-29 10:28:14+00:00,http://arxiv.org/abs/2509.24573v2
2310.06717v1,"['Anouk Zandbergen', 'Tycho van Noorden', 'Alexander Heinlein']",2023-10-10 15:45:19+00:00,https://arxiv.org/pdf/2310.06717v1,Numerical Analysis,"['Numerical Analysis', 'Machine Learning']",Improving Pseudo-Time Stepping Convergence for CFD Simulations With Neural Networks,"Computational fluid dynamics (CFD) simulations of viscous fluids described by the Navier-Stokes equations are considered. Depending on the Reynolds number of the flow, the Navier-Stokes equations may exhibit a highly nonlinear behavior. The system of nonlinear equations resulting from the discretization of the Navier-Stokes equations can be solved using nonlinear iteration methods, such as Newton's method. However, fast quadratic convergence is typically only obtained in a local neighborhood of the solution, and for many configurations, the classical Newton iteration does not converge at all. In such cases, so-called globalization techniques may help to improve convergence.
  In this paper, pseudo-transient continuation is employed in order to improve nonlinear convergence. The classical algorithm is enhanced by a neural network model that is trained to predict a local pseudo-time step. Generalization of the novel approach is facilitated by predicting the local pseudo-time step separately on each element using only local information on a patch of adjacent elements as input. Numerical results for standard benchmark problems, including flow through a backward facing step geometry and Couette flow, show the performance of the machine learning-enhanced globalization approach; as the software for the simulations, the CFD module of COMSOL Multiphysics is employed.",2023-10-10 15:45:19+00:00,http://arxiv.org/abs/2310.06717v1
2502.09490v1,"['Yunpeng Zhu', 'Liangliang Cheng', 'Anping Jing', 'Hanyu Huo', 'Ziqiang Lang', 'Bo Zhang', 'J. Nathan Kutz']",2025-02-13 16:57:07+00:00,https://arxiv.org/pdf/2502.09490v1,Machine Learning,"['Machine Learning', 'Systems and Control', 'Dynamical Systems', 'Optimization and Control', 'Fluid Dynamics']",Inverse Design with Dynamic Mode Decomposition,"We introduce a computationally efficient method for the automation of inverse design in science and engineering. Based on simple least-square regression, the underlying dynamic mode decomposition algorithm can be used to construct a low-rank subspace spanning multiple experiments in parameter space. The proposed inverse design dynamic mode composition (ID-DMD) algorithm leverages the computed low-dimensional subspace to enable fast digital design and optimization on laptop-level computing, including the potential to prescribe the dynamics themselves. Moreover, the method is robust to noise, physically interpretable, and can provide uncertainty quantification metrics. The architecture can also efficiently scale to large-scale design problems using randomized algorithms in the ID-DMD. The simplicity of the method and its implementation are highly attractive in practice, and the ID-DMD has been demonstrated to be an order of magnitude more accurate than competing methods while simultaneously being 3-5 orders faster on challenging engineering design problems ranging from structural vibrations to fluid dynamics. Due to its speed, robustness, interpretability, and ease-of-use, ID-DMD in comparison with other leading machine learning methods represents a significant advancement in data-driven methods for inverse design and optimization, promising a paradigm shift in how to approach inverse design in practice.",2025-02-13 16:57:07+00:00,http://arxiv.org/abs/2502.09490v1
2504.03990v1,"['Seunghyon Kang', 'Hyeonghun Kim', 'Boris Kramer']",2025-04-04 23:08:38+00:00,https://arxiv.org/pdf/2504.03990v1,Numerical Analysis,"['Numerical Analysis', 'Computational Physics']",Parametric Operator Inference to Simulate the Purging Process in Semiconductor Manufacturing,"This work presents the application of parametric Operator Inference (OpInf) -- a nonintrusive reduced-order modeling (ROM) technique that learns a low-dimensional representation of a high-fidelity model -- to the numerical model of the purging process in semiconductor manufacturing. Leveraging the data-driven nature of the OpInf framework, we aim to forecast the flow field within a plasma-enhanced chemical vapor deposition (PECVD) chamber using computational fluid dynamics (CFD) simulation data. Our model simplifies the system by excluding plasma dynamics and chemical reactions, while still capturing the key features of the purging flow behavior. The parametric OpInf framework learns nine ROMs based on varying argon mass flow rates at the inlet and different outlet pressures. It then interpolates these ROMs to predict the system's behavior for 25 parameter combinations, including 16 scenarios that are not seen in training. The parametric OpInf ROMs, trained on 36\% of the data and tested on 64\%, demonstrate accuracy across the entire parameter domain, with a maximum error of 9.32\%. Furthermore, the ROM achieves an approximate 142-fold speedup in online computations compared to the full-order model CFD simulation. These OpInf ROMs may be used for fast and accurate predictions of the purging flow in the PECVD chamber, which could facilitate effective particle contamination control in semiconductor manufacturing.",2025-04-04 23:08:38+00:00,http://arxiv.org/abs/2504.03990v1
2512.18579v1,"['Yifei Jia', 'Yi Du', 'Lihui Guo']",2025-12-21 03:32:59+00:00,https://arxiv.org/pdf/2512.18579v1,Mathematical Physics,"['Mathematical Physics', 'Dynamical Systems', 'Fluid Dynamics']",Geometry-dependent Ekman layer approximations on curved domains: L^{\infty} convergence,"The Ekman boundary layer is a fundamental concept in fluid dynamics that describes fluid motion near boundaries affected by Earth's rotation. Most theoretical studies have simplified their analysis by assuming a planar boundary surface, resulting in limited exploration of structures with general smooth boundary conditions. Investigating the impact of boundary geometry in the Ekman boundary layer is essential, as initially suggested by J.L. Lions and further examined in Masmoudi's study [Comm. Pure Appl. Math. 53 (2000), 432-483] under small amplitude periodic boundary conditions. This paper clarifies how boundary geometry influences flow fields and characterizes its effects on near-boundary layer flow. We construct a class of multi-scale approximate solutions based on the boundary's geometric features and establish their convergence in the L^{\infty} framework. Our findings do not require a small-amplitude assumption, only an upper bound on the Gaussian curvature of the boundary surface. Notably, when the boundary is planar, our approach aligns with existing studies. Additionally, in the vanishing-viscosity limit, we derive a limiting-state system dependent on boundary geometric parameters. These contributions extend the theoretical understanding of boundary-layer interactions to general curved geometries and have possible applications in atmospheric, oceanic, and other geophysical flow contexts.",2025-12-21 03:32:59+00:00,http://arxiv.org/abs/2512.18579v1
2510.14062v1,"['Călin A. Georgescu', 'Matthias Möller']",2025-10-15 20:04:06+00:00,https://arxiv.org/pdf/2510.14062v1,Quantum Physics,"['Quantum Physics', 'Optimization and Control', 'Computational Physics']",Quantum Search in Superposed Quantum Lattice Gas Automata and Lattice Boltzmann Systems,"As the scope of Computational Fluid Dynamics (CFD) grows to encompass ever larger problem scales, so does the interest in whether quantum computing can provide an advantage. In recent years, Quantum Lattice Gas Automata (QLGA) and Quantum Lattice Boltzmann Methods (QLBM) have emerged as promising candidates for quantum-native implementations of CFD solvers. Though the progress in developing QLGA and QLBM algorithms has been significant, it has largely focused on the development of models rather than applications. As a result, the zoo of QLGA and QLBM algorithms has grown to target several equations and to support many extensions, but the practical use of these models is largely limited to quantum state tomography and observable measurement. This limitation is crucial in practice, because unless very specific criteria are met, such measurements may cancel out any potential quantum advantage. In this paper, we propose an application based on discrete optimization and quantum search, which circumvents flow field measurement altogether. We propose methods for simulating many different lattice configurations simultaneously and describe how the usage of amplitude estimation and quantum search can provide an asymptotic quantum advantage. Throughout the paper, we provide detailed complexity analyses of gate-level implementations of our circuits and consider the benefits and costs of several encodings.",2025-10-15 20:04:06+00:00,http://arxiv.org/abs/2510.14062v1
2408.02630v1,"['Alessandro Della Pia', 'Dimitris Patsatzis', 'Lucia Russo', 'Constantinos Siettos']",2024-08-05 16:53:45+00:00,https://arxiv.org/pdf/2408.02630v1,Fluid Dynamics,"['Fluid Dynamics', 'Numerical Analysis', 'Chaotic Dynamics']",Learning the Latent dynamics of Fluid flows from High-Fidelity Numerical Simulations using Parsimonious Diffusion Maps,"We use parsimonious diffusion maps (PDMs) to discover the latent dynamics of high-fidelity Navier-Stokes simulations with a focus on the 2D fluidic pinball problem. By varying the Reynolds number, different flow regimes emerge, ranging from steady symmetric flows to quasi-periodic asymmetric and turbulence. We show, that the proposed non-linear manifold learning scheme, identifies in a crisp manner the expected intrinsic dimension of the underlying emerging dynamics over the parameter space. In particular, PDMs, estimate that the emergent dynamics in the oscillatory regime can be captured by just two variables, while in the chaotic regime, the dominant modes are three as anticipated by the normal form theory. On the other hand, proper orthogonal decomposition (POD)/PCA, most commonly used for dimensionality reduction in fluid mechanics, does not provide such a crisp separation between the dominant modes. To validate the performance of PDMs, we also computed the reconstruction error, by constructing a decoder using Geometric Harmonics. We show that the proposed scheme outperforms the POD/PCA over the whole Reynolds number range. Thus, we believe that the proposed scheme will allow for the development of more accurate reduced order models for high-fidelity fluid dynamics simulators, thus relaxing the curse of dimensionality in numerical analysis tasks such as bifurcation analysis, optimization and control.",2024-08-05 16:53:45+00:00,http://arxiv.org/abs/2408.02630v1
2410.18917v1,"['Shinjan Ghosh', 'Amit Chakraborty', 'Georgia Olympia Brikis', 'Biswadip Dey']",2024-10-24 17:08:20+00:00,https://arxiv.org/pdf/2410.18917v1,Machine Learning,"['Machine Learning', 'Numerical Analysis']",Using Parametric PINNs for Predicting Internal and External Turbulent Flows,"Computational fluid dynamics (CFD) solvers employing two-equation eddy viscosity models are the industry standard for simulating turbulent flows using the Reynolds-averaged Navier-Stokes (RANS) formulation. While these methods are computationally less expensive than direct numerical simulations, they can still incur significant computational costs to achieve the desired accuracy. In this context, physics-informed neural networks (PINNs) offer a promising approach for developing parametric surrogate models that leverage both existing, but limited CFD solutions and the governing differential equations to predict simulation outcomes in a computationally efficient, differentiable, and near real-time manner. In this work, we build upon the previously proposed RANS-PINN framework, which only focused on predicting flow over a cylinder. To investigate the efficacy of RANS-PINN as a viable approach to building parametric surrogate models, we investigate its accuracy in predicting relevant turbulent flow variables for both internal and external flows. To ensure training convergence with a more complex loss function, we adopt a novel sampling approach that exploits the domain geometry to ensure a proper balance among the contributions from various regions within the solution domain. The effectiveness of this framework is then demonstrated for two scenarios that represent a broad class of internal and external flow problems.",2024-10-24 17:08:20+00:00,http://arxiv.org/abs/2410.18917v1
2504.12986v1,"['Tao Liang', 'Yongsheng Li', 'Xiaoping Zhai']",2025-04-17 14:48:42+00:00,https://arxiv.org/pdf/2504.12986v1,Analysis of PDEs,['Analysis of PDEs'],Large global solutions to the Oldroyd-B model with dissipation,"In the first part of this work, we investigate the Cauchy problem for the $d$-dimensional incompressible Oldroyd-B model with dissipation in the stress tensor equation. By developing a weighted Chemin-Lerner framework combined with a refined energy argument, we prove the existence and uniqueness of global solutions for the system under a mild constraint on the initial velocity field, while allowing a broad class of large initial data for the stress tensor. Notably, our analysis accommodates general divergence-free initial stress tensors ( $\mathrm{div}τ_0=0$) and significantly relaxes the requirements on initial velocities compared to classical fluid models. This stands in sharp contrast to the finite-time singularity formation observed in the incompressible Euler equations, even for small initial data, thereby highlighting the intrinsic stabilizing role of the stress tensor in polymeric fluid dynamics.
  The second part of this paper focuses on the small-data regime. Through a systematic exploitation of the perturbative structure of the system, we establish global well-posedness and quantify the long-time behavior of solutions in Sobolev spaces
  $H^3(\mathbb{T}^d)$. Specifically, we derive exponential decay rates for perturbations, demonstrating how the dissipative mechanisms inherent to the Oldroyd-B model govern the asymptotic stability of the system.",2025-04-17 14:48:42+00:00,http://arxiv.org/abs/2504.12986v1
2508.02358v2,"['Werner Bauer', 'Colin J. Cotter']",2025-10-15 13:13:38+00:00,https://arxiv.org/pdf/2508.02358v2,Numerical Analysis,"['Numerical Analysis', 'Fluid Dynamics']",Fully implicit timestepping methods for the rotating shallow water equations,"Fully implicit timestepping methods have several potential advantages for atmosphere/ocean simulation. First, being unconditionally stable, they degrade more gracefully as the Courant number increases, typically requiring more solver iterations rather than suddenly blowing up. Second, particular choices of implicit timestepping methods can extend energy conservation properties of spatial discretisations to the fully discrete method. Third, these methods avoid issues related to splitting errors that can occur in some situations, and avoid the complexities of splitting methods. Fully implicit timestepping methods have had limited application in geophysical fluid dynamics due to challenges of finding suitable iterative solvers, since the coupled treatment of advection prevents the standard elimination techniques. However, overlapping Additive Schwarz methods, provide a robust, scalable iterative approach for solving the monolithic coupled system for all fields and Runge-Kutta stages. In this study we investigate this approach applied to the rotating shallow water equations, facilitated by the Irksome package which provides automated code generation for implicit Runge-Kutta methods. We compare various schemes in terms of accuracy and efficiency using an implicit/explicit splitting method, namely the ARK2 scheme of Giraldo et al (2013), as a benchmark. This provides an initial look at whether implicit Runge-Kutta methods can be viable for atmosphere and ocean simulation.",2025-08-04 12:48:41+00:00,http://arxiv.org/abs/2508.02358v2
2412.00494v1,"['Roland Becker', 'Malte Braack']",2024-11-30 14:31:32+00:00,https://arxiv.org/pdf/2412.00494v1,Numerical Analysis,['Numerical Analysis'],Mapped coercivity for the stationary Navier-Stokes equations and their finite element approximations,"This paper addresses the challenge of proving the existence of solutions for nonlinear equations in Banach spaces, focusing on the Navier-Stokes equations and discretizations of thom. Traditional methods, such as monotonicity-based approaches and fixed-point theorems, often face limitations in handling general nonlinear operators or finite element discretizations. A novel concept, mapped coercivity, provides a unifying framework to analyze nonlinear operators through a continuous mapping. We apply these ideas to saddle-point problems in Banach spaces, emphasizing both infinite-dimensional formulations and finite element discretizations. Our analysis includes stabilization techniques to restore coercivity in finite-dimensional settings, ensuring stability and existence of solutions. For linear problems, we explore the relationship between the inf-sup condition and mapped coercivity, using the Stokes equation as a case study. For nonlinear saddle-point systems, we extend the framework to mapped coercivity via surjective mappings, enabling concise proofs of existence of solutions for various stabilized Navier-Stokes finite element methods. These include Brezzi-Pitkäranta, a simple variant, and local projection stabilization (LPS) techniques, with extensions to convection-dominant flows. The proposed methodology offers a robust tool for analyzing nonlinear PDEs and their discretizations, bypassing traditional decompositions and providing a foundation for future developments in computational fluid dynamics.",2024-11-30 14:31:32+00:00,http://arxiv.org/abs/2412.00494v1
2502.11088v1,"['Yi-Xiao Shao', 'Zhen-Fan Wang', 'Shine Win Naung', 'Kai Zhang', 'Yufeng Yao', 'Dai Zhou']",2025-02-16 11:49:42+00:00,https://arxiv.org/pdf/2502.11088v1,Optimization and Control,['Optimization and Control'],Towards high-fidelity wind farm layout optimization using polynomial chaos expansion and Kriging model,"This paper presents a wind farm layout optimization framework that integrates polynomial chaos expansion, a Kriging model, and the expected improvement algorithm. The proposed framework addresses the computational challenges associated with high-fidelity wind farm simulations by significantly reducing the number of function evaluations required for accurate annual energy production predictions. The polynomial chaos expansion-based prediction method achieves exceptional accuracy with reduced computational cost for over 96%, significantly lowering the expense of training the ensuing surrogate model. The Kriging model, combined with a genetic algorithm, is used for surrogate-based optimization, achieving comparable performance to direct optimization at a much-reduced computational cost. The integration of the expected improvement algorithm enhances the global optimization capability of the framework, allowing it to escape local optima and achieve results that are either nearly identical to or even outperform those obtained through direct optimization. The feasibility of the polynomial chaos expansion-Kriging framework is demonstrated through four case studies, including the optimization of wind farms with 8, 16, and 32 turbines using low-fidelity wake models, and a high-fidelity case using computational fluid dynamics simulations. The results show that the proposed framework is highly effective in optimizing wind farm layouts, significantly reducing computational costs while maintaining or improving the accuracy of annual energy production predictions.",2025-02-16 11:49:42+00:00,http://arxiv.org/abs/2502.11088v1
2511.06158v3,['Dimitrios Kostas'],2026-02-11 15:46:32+00:00,https://arxiv.org/pdf/2511.06158v3,Numerical Analysis,['Numerical Analysis'],Stability estimates for Interior Penalty D.G. Methods for the Nonlinear Dynamics of the complex Ginzburg Landau equation,"This study investigates the complex Landau equation, a reaction diffusion system with applications in nonlinear optics and fluid dynamics. The equation's nonlinear imaginary component introduces rich dynamics and significant computational challenges. We address these challenges using Discontinuous Galerkin (DG) finite element methods. A rigorous stability analysis and a comparative study are performed on three distinct DG schemes : Symmetric Interior Penalty Galerkin (SIPG), Nonsymmetric Interior Penalty Galerkin (NIPG), and Incomplete Interior Penalty Galerkin (IIPG). These methods are compared in terms of their stability and computational efficiency. Our numerical analysis and computational results demonstrate that all three discontinuous Galerkin (DG) schemes are stable. However, the Symmetric Interior Penalty Galerkin (SIPG) scheme proves to be the most robust, as its norm remains bounded even in the presence of nonlinear terms a property not shared by the others. A comparison between the Incomplete Interior Penalty Galerkin (IIPG) and Nonsymmetric Interior Penalty Galerkin (NIPG) schemes shows that IIPG has superior stability properties. For high values of the penalty parameter, all methods exhibit similar stability behavior. Our results highlight the suitability of DG methods for simulating complex nonlinear reaction-diffusion systems and provide a practical framework for selecting the most efficient scheme for a given problem.",2025-11-08 22:43:55+00:00,http://arxiv.org/abs/2511.06158v3
2410.22579v1,"['Rômulo Damasclin Chaves dos Santos', 'Jorge Henrique de Oliveira Sales']",2024-10-29 22:48:28+00:00,https://arxiv.org/pdf/2410.22579v1,Analysis of PDEs,"['Analysis of PDEs', 'Fluid Dynamics']",Stochastic Trajectories and Spectral Boundary Conditions for Enhanced Diffusion in Immersed Boundary Problems,"This work presents a comprehensive framework for enhanced diffusion modeling in fluid-structure interactions by combining the Immersed Boundary Method (IBM) with stochastic trajectories and high-order spectral boundary conditions. Using semi-Lagrangian schemes, this approach captures complex diffusion dynamics at moving interfaces, integrating probabilistic methods that reflect multi-scale fluctuations. In addition to a rigorous mathematical foundation that includes stability proofs, this model exhibits reduced numerical diffusion errors and improved stability in long-term simulations. Comparative studies highlight its effectiveness in multi-scale scenarios that require precision in interface dynamics. Focusing on various shear and circular flows, including those with Hölder and Lipschitz regularities and critical points, we establish sharp bounds on effective diffusion rates using specific initial data examples. This dual exploration in enhanced diffusion highlights how flow regularity and critical points influence dissipation. These findings advance both the theoretical understanding and practical applications of enhanced diffusion in fluid dynamics, offering new insights into diffusion rate optimization through interface dynamics and flow structure regularities. Future research can further refine the IBM framework by exploring alternative probabilistic methods to improve interface accuracy, opening up the potential for improved modeling in applications that require precise control over mixing rates and dissipation processes.",2024-10-29 22:48:28+00:00,http://arxiv.org/abs/2410.22579v1
2411.11441v1,"['Mahesh S. Nagargoje', 'Eneko Lazpita', 'Jesús Garicano-Mena', 'Soledad Le Clainche']",2024-11-18 10:12:54+00:00,https://arxiv.org/pdf/2411.11441v1,Medical Physics,"['Medical Physics', 'Numerical Analysis']",Review on vortex dynamics in the left ventricle as an early diagnosis marker for heart diseases and its treatment outcomes,"The heart is the central part of the cardiovascular network. Its role is to pump blood to various body organs. Many cardiovascular diseases occur due to an abnormal functioning of the heart. A diseased heart leads to severe complications and in some cases death of an individual. The medical community believes that early diagnosis and treatment of heart diseases can be controlled by referring to numerical simulations of image-based heart models. Computational Fluid Dynamics (CFD) is a commonly used tool for patient-specific simulations in the cardiac flows, and it can be equipped to allow a better understanding of flow patterns. In this paper, we review the progress of CFD tools to understand the flow patterns in healthy and dilated cardiomyopathic (DCM) left ventricles (LV). The formation of an asymmetric vortex in a healthy LV shows an efficient way of blood transport. The vortex pattern changes before any change in the geometry of LV is noticeable. This flow change can be used as a marker of DCM progression. We can conclude that understanding vortex dynamics in LV using various vortex indexes coupled with data-driven approaches can be used as an early diagnosis tool and improvement in DCM treatment.",2024-11-18 10:12:54+00:00,http://arxiv.org/abs/2411.11441v1
2504.00213v1,"['Thomas Alazard', 'Chengyang Shao', 'Haocheng Yang']",2025-03-31 20:39:07+00:00,https://arxiv.org/pdf/2504.00213v1,Analysis of PDEs,['Analysis of PDEs'],Global well-posedness of a 2D fluid-structure interaction problem with free surface,"This paper is devoted to the analysis of the incompressible Euler equation in a time-dependent fluid domain, whose interface evolution is governed by the law of linear elasticity. Our main result asserts that the Cauchy problem is globally well-posed in time for any irrotational initial data in the energy space, without any smallness assumption. We also prove continuity with respect to the initial data and the propagation of regularity. The main novelty is that no dissipative effect is assumed in the system. In the absence of parabolic regularization, the key observation is that the system can be transformed into a nonlinear Schrödinger-type equation, to which dispersive estimates are applied. This allows us to construct solutions that are very rough from the point of view of fluid dynamics-the initial fluid velocity has merely one-half derivative in $L^2$. The main difficulty is that the problem is critical in the energy space with respect to several key inequalities from harmonic analysis. The proof incorporates new estimates for the Dirichlet-to-Neumann operator in the low-regularity regime, including refinements of paralinearization formulas and shape derivative formulas, which played a key role in the analysis of water waves.",2025-03-31 20:39:07+00:00,http://arxiv.org/abs/2504.00213v1
2512.09376v1,"['T. Mitchell Roddenberry', 'Leo Tzou', 'Ivan Dokmanić', 'Maarten V. de Hoop', 'Richard G. Baraniuk']",2025-12-10 07:15:07+00:00,https://arxiv.org/pdf/2512.09376v1,Machine Learning,"['Machine Learning', 'Computer Vision and Pattern Recognition', 'Image and Video Processing', 'Differential Geometry']",Rates and architectures for learning geometrically non-trivial operators,"Deep learning methods have proven capable of recovering operators between high-dimensional spaces, such as solution maps of PDEs and similar objects in mathematical physics, from very few training samples. This phenomenon of data-efficiency has been proven for certain classes of elliptic operators with simple geometry, i.e., operators that do not change the domain of the function or propagate singularities. However, scientific machine learning is commonly used for problems that do involve the propagation of singularities in a priori unknown ways, such as waves, advection, and fluid dynamics. In light of this, we expand the learning theory to include double fibration transforms--geometric integral operators that include generalized Radon and geodesic ray transforms. We prove that this class of operators does not suffer from the curse of dimensionality: the error decays superalgebraically, that is, faster than any fixed power of the reciprocal of the number of training samples. Furthermore, we investigate architectures that explicitly encode the geometry of these transforms, demonstrating that an architecture reminiscent of cross-attention based on levelset methods yields a parameterization that is universal, stable, and learns double fibration transforms from very few training examples. Our results contribute to a rapidly-growing line of theoretical work on learning operators for scientific machine learning.",2025-12-10 07:15:07+00:00,http://arxiv.org/abs/2512.09376v1
2509.19053v1,"['Nan Zheng', 'Qingguang Guan', 'Wenlong Pei', 'Wenju Zhao']",2025-09-23 14:17:45+00:00,https://arxiv.org/pdf/2509.19053v1,Numerical Analysis,['Numerical Analysis'],A Divergence-free Preserving Mixed Finite Element Method for Thermally Driven Active Fluid Model,"In this report, we propose a divergence-free preserving mixed finite element method (FEM) for the system of nonlinear fourth-order thermally driven active fluid equations. By introducing two auxiliary variables, we lower the complexity of the model and enhance the robustness of the algorithm. The auxiliary variable $w = Δu$ is used to convert the original fourth-order system to an equivalent system of second-order equations, thereby easing the regularity constraints imposed on standard $H^2$-conforming finite element space. The second variable $η$, analogous to the pressure, helps the scheme preserve the divergence-free condition arising from the model. The two-step Dahlquist-Liniger-Nevanlinna (DLN) time integrator, unconditionally non-linear stable and second-order accurate under non-uniform time grids, is combined with the mixed FEM for fully discrete approximation. Due to the fine properties of the DLN scheme, we prove the boundedness of model energy and the associated error estimates under suitable regularity assumptions and mild time restrictions. Additionally, an adaptive time-stepping strategy based on a minimum-dissipation criterion is to balance computational costs and time efficiency. Several numerical experiments validate the theoretical findings and demonstrate the method's effectiveness and accuracy in simulating complex active fluid dynamics.",2025-09-23 14:17:45+00:00,http://arxiv.org/abs/2509.19053v1
2410.09790v1,['Eike Hermann Müller'],2024-10-13 10:12:20+00:00,https://arxiv.org/pdf/2410.09790v1,Numerical Analysis,"['Numerical Analysis', 'Computational Physics', 'Fluid Dynamics']",A Higher-order Hybridisable Discontinuous Galerkin IMEX method for the incompressible Euler equations,"The incompressible Euler equations are an important model system in computational fluid dynamics. Fast high-order methods for the solution of this time-dependent system of partial differential equations are of particular interest: due to their exponential convergence in the polynomial degree they can make efficient use of computational resources. To address this challenge we describe a novel timestepping method which combines a hybridised Discontinuous Galerkin method for the spatial discretisation with IMEX timestepping schemes, thus achieving high-order accuracy in both space and time. The computational bottleneck is the solution of a (block-) sparse linear system to compute updates to pressure and velocity at each stage of the IMEX integrator. Following Chorin's projection approach, this update of the velocity and pressure fields is split into two stages. As a result, the hybridised equation for the implicit pressure-velocity problem is reduced to the well-known system which arises in hybridised mixed formulations of the Poisson- or diffusion problem and for which efficient multigrid preconditioners have been developed. Splitting errors can be reduced systematically by embedding this update into a preconditioned Richardson iteration. The accuracy and efficiency of the new method is demonstrated numerically for two time-dependent testcases that have been previously studied in the literature.",2024-10-13 10:12:20+00:00,http://arxiv.org/abs/2410.09790v1
2509.16018v1,"['Louisa B. Ebby', 'Mohammad Farazmand']",2025-09-19 14:27:35+00:00,https://arxiv.org/pdf/2509.16018v1,Numerical Analysis,['Numerical Analysis'],Discrete Empirical Interpolation Method with Upper and Lower Bound Constraints,"Discrete Empirical Interpolation Method (DEIM) is a simple and effective method for reconstructing a function from its incomplete pointwise observations. However, applying DEIM to functions with physically constrained ranges can produce reconstructions with values outside the prescribed physical bounds. Such physically constrained quantities occur routinely in applications, e.g., mass density whose range is nonnegative. The DEIM reconstructions which violate these physical constraints are not usable in downstream tasks such as forecasting and control. To address this issue, we develop Constrained DEIM (C-DEIM) whose reconstructions are guaranteed to respect the physical bounds of the quantity of interest. C-DEIM enforces the bounds as soft constraints, in the form of a carefully designed penalty term, added to the underlying least squares problem. We prove that the C-DEIM reconstructions satisfy the physical constraints asymptotically, i.e., as the penalty parameter increases towards infinity. We also derive a quantitative upper bound for the observation residual of C-DEIM. Based on these theoretical results, we devise an efficient algorithm for practical implementation of C-DEIM. The efficacy of the method and the accompanying algorithm are demonstrated on several examples, including a heat transfer problem from fluid dynamics and a cellular automaton model of wildfire spread.",2025-09-19 14:27:35+00:00,http://arxiv.org/abs/2509.16018v1
2409.12310v1,"['Adrian Luna', 'Banavara N. Shashikanth']",2024-09-18 20:51:43+00:00,https://arxiv.org/pdf/2409.12310v1,Dynamical Systems,"['Dynamical Systems', 'Applied Physics', 'Fluid Dynamics']",On the Dynamics of a Nutation Ring Damper,"Nutation triggered by external disturbances is an undesirable phenomenon for a spinning satellite. Passive decay in nutation angle must be achieved in such cases and benefits missions involving spin-stabilized satellites or mass-constrained satellites like CubeSats. Motivated by previous work of other authors, the dynamics of a general nutating satellite with an attached ring containing a viscous fluid is analyzed in a theoretical mechanics framework. The fluid in the ring is modeled as a rigid point mass and is then extended to a distributed rigid slug. The nonlinear equations of motion of the system, under the assumption of zero external torques, are studied in a body-fixed frame. Equilibrium points and system trajectories are studied on the angular momentum sphere. The settling time of the dynamical system after an initial disturbance is investigated. The energy dissipation is modeled using an approximate drag coefficient. Fluid dynamic effects are further examined through CFD simulations in the Navier-Stokes setting using the open-source software package ANSYS Fluent. Applications of the analysis and simulations to CubeSats are discussed.",2024-09-18 20:51:43+00:00,http://arxiv.org/abs/2409.12310v1
2412.18660v1,"['Ayodele James Oyejide', 'Chidera Samuella Okeke', 'Jesuloluwa Emmanuel Zaccheus', 'Ebenezer Olubunmi Ige']",2024-12-24 19:20:11+00:00,https://arxiv.org/pdf/2412.18660v1,Fluid Dynamics,"['Fluid Dynamics', 'Analysis of PDEs', 'Numerical Analysis']",Computational Assessment of Turbulent Eddy Impact on Hydrodynamic Mixing in a Stirred Tank Bioreactor with Vent based Impellers,"Homogeneity and efficient oxygen transfer are crucial for aerobic cultures, which is popularly performed in Stirred Tank Bioreactors, through internal mechanical agitation of the impellers.Although there are a number of impeller designs for achieving this purpose, there are still concerns about the ability of the impellers to yield homogeneity and mitigate or eliminate stagnant zones.In this study, a novel impeller design, with auxiliary agitators in form of vents, was introduced and evaluated for small lab-scale bioreactors. For the evaluation, 3D models of a single and double impeller configurations, placed in two different bioreactors were developed. Computational fluid dynamics was employed to carry out the hydrodynamic simulation using k-epsilon standard model in the bioreactors.Computational variables such as the flow velocity, streamlines, pressure and wall shear stress on the shaft and impellers, eddy viscosity, turbulence eddy dissipation and turbulence kinetic energy were obtained and compared in both bioreactors to evaluate the performances at speeds of 50, 100, and 150 revolutions per minute.A comparison of the results with traditional segment-segment and segment-Rushton impellers shows that our double impeller configuration performs more desirably at speeds ranging from 100 to 150 RPM. Homogeneity was also achieved in both bioreactors, and there was significant reduction of stagnant zone less than 99 percentage in the double impeller configuration and significant mitigation in the single impeller agitation.",2024-12-24 19:20:11+00:00,http://arxiv.org/abs/2412.18660v1
2404.17542v4,"['Takeharu Matsuda', 'Satoshi Ii']",2025-03-13 18:18:54+00:00,https://arxiv.org/pdf/2404.17542v4,Fluid Dynamics,"['Fluid Dynamics', 'Numerical Analysis', 'Computational Physics']",A mesh-constrained discrete point method for incompressible flows with moving boundaries,"Particle-based methods are a practical tool in computational fluid dynamics, and novel types of methods have been proposed. However, widely developed Lagrangian-type formulations suffer from the nonuniform distribution of particles, which is enhanced over time and result in problems in computational efficiency and parallel computations. To mitigate these problems, a mesh-constrained discrete point (MCD) method was developed for stationary boundary problems (Matsuda et al., 2022). Although the MCD method is a meshless method that uses moving least-squares approximation, the arrangement of particles (or discrete points (DPs)) is specialized so that their positions are constrained in background meshes to obtain a closely uniform distribution. This achieves a reasonable approximation for spatial derivatives with compact stencils without encountering any ill-posed condition and leads to good performance in terms of computational efficiency. In this study, a novel meshless method based on the MCD method for incompressible flows with moving boundaries is proposed. To ensure the mesh constraint of each DP in moving boundary problems, a novel updating algorithm for the DP arrangement is developed so that the position of DPs is not only rearranged but the DPs are also reassigned the role of being on the boundary or not. The proposed method achieved reasonable results in numerical experiments for well-known moving boundary problems.",2024-04-26 17:13:14+00:00,http://arxiv.org/abs/2404.17542v4
2506.17471v1,"['Kaushik Kulkarni', 'Andreas Klöckner']",2025-06-20 20:23:42+00:00,https://arxiv.org/pdf/2506.17471v1,"Distributed, Parallel, and Cluster Computing","['Distributed, Parallel, and Cluster Computing', 'Mathematical Software', 'Performance', 'Numerical Analysis']",Code Generation for Near-Roofline Finite Element Actions on GPUs from Symbolic Variational Forms,"We present a novel parallelization strategy for evaluating Finite Element Method (FEM) variational forms on GPUs, focusing on those that are expressible through the Unified Form Language (UFL) on simplex meshes. We base our approach on code transformations, wherein we construct a space of scheduling candidates and rank them via a heuristic cost model to effectively handle the large diversity of computational workloads that can be expressed in this way. We present a design of a search space to which the cost model is applied, along with an associated pruning strategy to limit the number of configurations that need to be empirically evaluated. The goal of our design is to strike a balance between the device's latency-hiding capabilities and the amount of state space, a key factor in attaining near-roofline performance.
  To make our work widely available, we have prototyped our parallelization strategy within the \textsc{Firedrake} framework, a UFL-based FEM solver. We evaluate the performance of our parallelization scheme on two generations of Nvidia GPUs, specifically the Titan V (Volta architecture) and Tesla K40c (Kepler architecture), across a range of operators commonly used in applications, including fluid dynamics, wave propagation, and structural mechanics, in 2D and 3D geometries. Our results demonstrate that our proposed algorithm achieves more than $50\%$ roofline performance in $65\%$ of the test cases on both devices.",2025-06-20 20:23:42+00:00,http://arxiv.org/abs/2506.17471v1
2309.00583v1,"['Zongyi Li', 'Nikola Borislavov Kovachki', 'Chris Choy', 'Boyi Li', 'Jean Kossaifi', 'Shourya Prakash Otta', 'Mohammad Amin Nabian', 'Maximilian Stadler', 'Christian Hundt', 'Kamyar Azizzadenesheli', 'Anima Anandkumar']",2023-09-01 16:59:21+00:00,https://arxiv.org/pdf/2309.00583v1,Machine Learning,"['Machine Learning', 'Numerical Analysis']",Geometry-Informed Neural Operator for Large-Scale 3D PDEs,"We propose the geometry-informed neural operator (GINO), a highly efficient approach to learning the solution operator of large-scale partial differential equations with varying geometries. GINO uses a signed distance function and point-cloud representations of the input shape and neural operators based on graph and Fourier architectures to learn the solution operator. The graph neural operator handles irregular grids and transforms them into and from regular latent grids on which Fourier neural operator can be efficiently applied. GINO is discretization-convergent, meaning the trained model can be applied to arbitrary discretization of the continuous domain and it converges to the continuum operator as the discretization is refined. To empirically validate the performance of our method on large-scale simulation, we generate the industry-standard aerodynamics dataset of 3D vehicle geometries with Reynolds numbers as high as five million. For this large-scale 3D fluid simulation, numerical methods are expensive to compute surface pressure. We successfully trained GINO to predict the pressure on car surfaces using only five hundred data points. The cost-accuracy experiments show a $26,000 \times$ speed-up compared to optimized GPU-based computational fluid dynamics (CFD) simulators on computing the drag coefficient. When tested on new combinations of geometries and boundary conditions (inlet velocities), GINO obtains a one-fourth reduction in error rate compared to deep neural network approaches.",2023-09-01 16:59:21+00:00,http://arxiv.org/abs/2309.00583v1
2309.09425v1,"['Riley M. Whebell', 'Timothy J. Moroney', 'Ian W. Turner', 'Ravindra Pethiyagoda', 'Marie-Luise Wille', 'Justin J. Cooper-White', 'Arvind Kumar', 'Philip Taylor', 'Scott W. McCue']",2023-09-18 01:49:52+00:00,https://arxiv.org/pdf/2309.09425v1,Numerical Analysis,['Numerical Analysis'],Data fusion for a multi-scale model of a wheat leaf surface: a unifying approach using a radial basis function partition of unity method,"Realistic digital models of plant leaves are crucial to fluid dynamics simulations of droplets for optimising agrochemical spray technologies. The presence and nature of small features (on the order of 100$\mathrm{μm}$) such as ridges and hairs on the surface have been shown to significantly affect the droplet evaporation, and thus the leaf's potential uptake of active ingredients. We show that these microstructures can be captured by implicit radial basis function partition of unity (RBFPU) surface reconstructions from micro-CT scan datasets. However, scanning a whole leaf ($20\mathrm{cm^2}$) at micron resolutions is infeasible due to both extremely large data storage requirements and scanner time constraints. Instead, we micro-CT scan only a small segment of a wheat leaf ($4\mathrm{mm^2}$). We fit a RBFPU implicit surface to this segment, and an explicit RBFPU surface to a lower resolution laser scan of the whole leaf. Parameterising the leaf using a locally orthogonal coordinate system, we then replicate the now resolved microstructure many times across a larger, coarser, representation of the leaf surface that captures important macroscale features, such as its size, shape, and orientation. The edge of one segment of the microstructure model is blended into its neighbour naturally by the partition of unity method. The result is one implicit surface reconstruction that captures the wheat leaf's features at both the micro- and macro-scales.",2023-09-18 01:49:52+00:00,http://arxiv.org/abs/2309.09425v1
2404.11766v2,"['Shaocong Ma', 'James Diffenderfer', 'Bhavya Kailkhura', 'Yi Zhou']",2024-04-28 16:01:21+00:00,https://arxiv.org/pdf/2404.11766v2,Machine Learning,"['Machine Learning', 'Numerical Analysis', 'Optimization and Control']",End-to-End Mesh Optimization of a Hybrid Deep Learning Black-Box PDE Solver,"Deep learning has been widely applied to solve partial differential equations (PDEs) in computational fluid dynamics. Recent research proposed a PDE correction framework that leverages deep learning to correct the solution obtained by a PDE solver on a coarse mesh. However, end-to-end training of such a PDE correction model over both solver-dependent parameters such as mesh parameters and neural network parameters requires the PDE solver to support automatic differentiation through the iterative numerical process. Such a feature is not readily available in many existing solvers. In this study, we explore the feasibility of end-to-end training of a hybrid model with a black-box PDE solver and a deep learning model for fluid flow prediction. Specifically, we investigate a hybrid model that integrates a black-box PDE solver into a differentiable deep graph neural network. To train this model, we use a zeroth-order gradient estimator to differentiate the PDE solver via forward propagation. Although experiments show that the proposed approach based on zeroth-order gradient estimation underperforms the baseline that computes exact derivatives using automatic differentiation, our proposed method outperforms the baseline trained with a frozen input mesh to the solver. Moreover, with a simple warm-start on the neural network parameters, we show that models trained by these zeroth-order algorithms achieve an accelerated convergence and improved generalization performance.",2024-04-17 21:49:45+00:00,http://arxiv.org/abs/2404.11766v2
2409.19974v3,"['Bindi M. Nagda', 'Aaron Barrett', 'Boyce E. Griffith', 'Aaron L. Fogelson', 'Jian Du']",2025-08-01 05:11:04+00:00,https://arxiv.org/pdf/2409.19974v3,Fluid Dynamics,"['Fluid Dynamics', 'Numerical Analysis']",Adaptive Mesh Refinement for Two-Phase Viscoelastic Fluid Mixture Models,"Multiphase flows are an important class of fluid flow and their study facilitates the development of diverse applications in industrial, natural, and biomedical systems. We consider a model that uses a continuum description of both phases in which separate momentum equations are used for each phase along with a co-incompressibility condition on the velocity fields. The resulting system of equations poses numerical challenges due to the presence of multiple non-linear terms and the co-incompressibility condition, and the resulting fluid dynamics motivate the development of an adaptive mesh refinement (AMR) technique to accurately capture regions of high stresses and large material gradients while keeping computational costs low. We present an accurate, robust, and efficient computational method for simulating multiphase mixtures on adaptive grids, and utilize a multigrid solver to precondition the saddle-point system. We demonstrate that the AMR discretization asymptotically approaches second order accuracy in $L^1$, $L^2$ and $L^\infty$ norms. The solver can accurately resolve sharp gradients in the solution and, with the multigrid preconditioning strategy introduced herein, the linear solver iterations are independent of grid spacing. Our AMR solver offers a major cost savings benefit, providing up to ten fold speedup over a uniform grid in the numerical experiments presented here, with greater speedup possible depending on the problem set-up.",2024-09-30 06:01:16+00:00,http://arxiv.org/abs/2409.19974v3
2409.04067v2,"['Franziska Griese', 'Fabian Hoppe', 'Alexander Rüttgers', 'Philipp Knechtges']",2025-04-07 18:45:14+00:00,https://arxiv.org/pdf/2409.04067v2,Numerical Analysis,"['Numerical Analysis', 'Machine Learning', 'Fluid Dynamics']",Preconditioned FEM-based Neural Networks for Solving Incompressible Fluid Flows and Related Inverse Problems,"The numerical simulation and optimization of technical systems described by partial differential equations is expensive, especially in multi-query scenarios in which the underlying equations have to be solved for different parameters. A comparatively new approach in this context is to combine the good approximation properties of neural networks (for parameter dependence) with the classical finite element method (for discretization). However, instead of considering the solution mapping of the PDE from the parameter space into the FEM-discretized solution space as a purely data-driven regression problem, so-called physically informed regression problems have proven to be useful. In these, the equation residual is minimized during the training of the neural network, i.e., the neural network ""learns"" the physics underlying the problem. In this paper, we extend this approach to saddle-point and non-linear fluid dynamics problems, respectively, namely stationary Stokes and stationary Navier-Stokes equations. In particular, we propose a modification of the existing approach: Instead of minimizing the plain vanilla equation residual during training, we minimize the equation residual modified by a preconditioner. By analogy with the linear case, this also improves the condition in the present non-linear case. Our numerical examples demonstrate that this approach significantly reduces the training effort and greatly increases accuracy and generalizability. Finally, we show the application of the resulting parameterized model to a related inverse problem.",2024-09-06 07:17:01+00:00,http://arxiv.org/abs/2409.04067v2
2505.16766v2,['Dongzhe Zheng'],2025-05-25 01:46:02+00:00,https://arxiv.org/pdf/2505.16766v2,General Mathematics,['General Mathematics'],Dynamical Geometric Theory of Principal Bundle Constrained Systems: Strong Transversality Conditions and Variational Framework for Gauge Field Coupling,"This paper introduces a geometric mechanics framework for constrained systems on principal bundles through \emph{compatible pairs} $(\mathcal{D}, λ)$, addressing fundamental challenges in gauge-constrained physical systems. We characterize the strong transversality condition by pairing constraint distributions $\mathcal{D}$ with Lie algebra dual functions $λ: P \to \mathfrak{g}^*$ satisfying compatibility $\mathcal{D}_p = \{v : \langleλ(p), ω(v)\rangle = 0\}$ and differential consistency $dλ+ \mathrm{ad}^*_ωλ= 0$. This framework proves equivalent to $G$-equivariant Atiyah sequence splittings. We establish bidirectional construction enabling computation: forward (from $λ$ to compatible $\mathcal{D}$) and inverse (via variational minimization). Key mathematical contributions include existence theorems for bundles with $\mathrm{ad}^*_Ωλ= 0$ and uniqueness results for semi-simple groups with $\mathfrak{z}(\mathfrak{g}) = 0$, providing rigorous foundations for constraint classification. Our central physical insight emerges from variational principles, deriving dynamic connection equations $\partial_tω= d^ωη- ι_{X_H}Ω$ revealing constraint-curvature coupling: $P_{\text{constraint}} = \langleλ,Ω(\dot{q},δq)\rangle$. This explains non-trivial constraint-field interactions in magnetohydrodynamics and Yang-Mills systems absent in kinematic theories. We construct Spencer cohomology for compatible pairs, establishing deep connections between topological invariants and conservation laws. Systematic comparison demonstrates that strong transversality captures essential constraint-curvature physics invisible to standard approaches. Applications span fluid dynamics, gauge theories, and geometric control, providing new tools for complex physical systems with intrinsic gauge-constraint coupling.",2025-05-22 15:07:59+00:00,http://arxiv.org/abs/2505.16766v2
2401.02311v1,"['Wang Xiao', 'Ting Gao', 'Kai Liu', 'Jinqiao Duan', 'Meng Zhao']",2024-01-04 15:09:11+00:00,https://arxiv.org/pdf/2401.02311v1,Dynamical Systems,['Dynamical Systems'],Fourier neural operator based fluid-structure interaction for predicting the vesicle dynamics,"Solving complex fluid-structure interaction (FSI) problems, characterized by nonlinear partial differential equations, is crucial in various scientific and engineering applications. Traditional computational fluid dynamics (CFD) solvers are insufficient to meet the growing requirements for large-scale and long-period simulations. Fortunately, the rapid advancement in neural networks, especially neural operator learning mappings between function spaces, has introduced novel approaches to tackle these challenges via data-driven modeling. In this paper, we propose a Fourier neural operator-based fluid-structure interaction solver (FNO-based FSI solver) for efficient simulation of FSI problems, where the solid solver based on the finite difference method is seamlessly integrated with the Fourier neural operator to predict incompressible flow using the immersed boundary method. We analyze the performance of the FNO-based FSI solver in the following three situations: training data with or without the steady state, training method with one-step label or multi-step labels, and prediction in interpolation or extrapolation. We find that the best performance for interpolation is achieved by training the operator with multi-step labels using steady-state data. Finally, we train the FNO-based FSI solver using this optimal training method and apply it to vesicle dynamics. The results show that the FNO-based FSI solver is capable of capturing the variations in the fluid and the vesicle.",2024-01-04 15:09:11+00:00,http://arxiv.org/abs/2401.02311v1
2412.01954v1,"['Shinjan Ghosh', 'Julian Busch', 'Georgia Olympia Brikis', 'Biswadip Dey']",2024-12-02 20:30:53+00:00,https://arxiv.org/pdf/2412.01954v1,Machine Learning,"['Machine Learning', 'Numerical Analysis', 'Fluid Dynamics']",Geometry-aware PINNs for Turbulent Flow Prediction,"Design exploration or optimization using computational fluid dynamics (CFD) is commonly used in the industry. Geometric variation is a key component of such design problems, especially in turbulent flow scenarios, which involves running costly simulations at every design iteration. While parametric RANS-PINN type approaches have been proven to make effective turbulent surrogates, as a means of predicting unknown Reynolds number flows for a given geometry at near real-time, geometry aware physics informed surrogates with the ability to predict varying geometries are a relatively less studied topic. A novel geometry aware parametric PINN surrogate model has been created, which can predict flow fields for NACA 4 digit airfoils in turbulent conditions, for unseen shapes as well as inlet flow conditions. A local+global approach for embedding has been proposed, where known global design parameters for an airfoil as well as local SDF values can be used as inputs to the model along with velocity inlet/Reynolds number ($\mathcal{R}_e$) to predict the flow fields. A RANS formulation of the Navier-Stokes equations with a 2-equation k-epsilon turbulence model has been used for the PDE losses, in addition to limited CFD data from 8 different NACA airfoils for training. The models have then been validated with unknown NACA airfoils at unseen Reynolds numbers.",2024-12-02 20:30:53+00:00,http://arxiv.org/abs/2412.01954v1
2405.13441v1,"['Walter Boscheri', 'Saray Busto', 'Michael Dumbser']",2024-05-22 08:34:42+00:00,https://arxiv.org/pdf/2405.13441v1,Numerical Analysis,"['Numerical Analysis', 'Fluid Dynamics']",An all Mach number semi-implicit hybrid Finite Volume/Virtual Element method for compressible viscous flows on Voronoi meshes,"We present a novel high order semi-implicit hybrid finite volume/virtual element numerical scheme for the solution of compressible flows on Voronoi tessellations. The method relies on the flux splitting of the compressible Navier-Stokes equations into three sub-systems: a convective sub-system solved explicitly using a finite volume (FV) scheme, and the viscous and pressure sub-systems which are discretized implicitly at the aid of a virtual element method (VEM). Consequently, the time step restriction of the overall algorithm depends only on the mean flow velocity and not on the fast pressure waves nor on the viscous eigenvalues. As such, the proposed methodology is well suited for the solution of low Mach number flows at all Reynolds numbers. Moreover, the scheme is proven to be globally energy conserving so that shock capturing properties are retrieved in high Mach number flows. To reach high order of accuracy in time and space, an IMEX Runge-Kutta time stepping strategy is employed together with high order spatial reconstructions in terms of CWENO polynomials and virtual element space basis functions. The chosen discretization techniques allow the use of general polygonal grids, a useful tool when dealing with complex domain configurations. The new scheme is carefully validated in both the incompressible limit and the high Mach number regime through a large set of classical benchmarks for fluid dynamics, assessing robustness and accuracy.",2024-05-22 08:34:42+00:00,http://arxiv.org/abs/2405.13441v1
2508.09609v1,"['Jincheng Gao', 'Lianyun Peng', 'Jiahong Wu', 'Zheng-an Yao']",2025-08-13 08:41:51+00:00,https://arxiv.org/pdf/2508.09609v1,Analysis of PDEs,['Analysis of PDEs'],Global uniform regularity for the 3D incompressible MHD equations with slip boundary condition near a background magnetic field,"This paper resolves the global regularity problem for the three-dimensional incompressible magnetohydrodynamics (MHD) equations in the upper half-space with slip boundary conditions, in the presence of a background magnetic field. Motivated by geophysical applications, we consider an anisotropic MHD system with weak dissipation in the $x_2$ and $x_3$ directions and small vertical magnetic diffusion. By exploiting the stabilizing effect induced by the background magnetic field and constructing a hierarchy of four energy functionals, we establish global-in-time uniform bounds that are independent of the viscosity in the $x_2$ and $x_3$ directions and the vertical resistivity. A key innovation in our analysis is the development of a two-tier energy method, which couples the boundedness of conormal derivatives with the decay of tangential derivatives. These global conormal regularity estimates, together with sharp decay rates, enable us to rigorously justify the vanishing dissipation limit and derive explicit long-time convergence rates to the MHD system with vanishing dissipation in the $x_2$ and $x_3$ directions and no vertical magnetic diffusion. In the absence of a magnetic field, the global-in-time vanishing viscosity limit for the 3D incompressible Navier-Stokes equations with anisotropic dissipation remains a challenging open problem. This work reveals the mechanism by which the magnetic field enhances dissipation and stabilizes the fluid dynamics in the vanishing viscosity limit.",2025-08-13 08:41:51+00:00,http://arxiv.org/abs/2508.09609v1
2503.20343v1,"['Christian Klingenberg', 'Simon Markfelder', 'Emil Wiedemann']",2025-03-26 09:17:13+00:00,https://arxiv.org/pdf/2503.20343v1,Analysis of PDEs,['Analysis of PDEs'],Maximal turbulence as a selection criterion for measure-valued solutions,"The quest for a good solution concept for the partial differential equations (PDEs) arising in mathematical fluid dynamics is an outstanding open problem. An important notion of solutions are the measure-valued solutions. It is well known that for many PDEs there exists a multitude of measure-valued solutions even if admissibility criteria like an energy inequality are imposed. Hence in recent years, people have tried to select the relevant solutions among all admissible measure-valued solutions or at least to rule out some solutions which are not relevant.
  In this paper another such criterion is studied. In particular, we aim to select generalized Young measures which are ``maximally turbulent''. To this end, we look for maximizers of a certain functional, namely the variance, or more precisely, the Jensen defect of the energy. We prove existence of such a maximizer and we show that its mean value and total energy is uniquely determined. Our theory is carried out in a very general setting which may be applied in many situations where maximally turbulent measures shall be selected among a set of generalized Young measures.
  Finally, we apply this general framework to the incompressible and the isentropic compressible Euler equation. Our criterion of maximal turbulence is plausible and leads to existence and uniqueness in a certain sense (in particular, the mean value and the total energy of different maximally turbulent solutions coincide).",2025-03-26 09:17:13+00:00,http://arxiv.org/abs/2503.20343v1
